<?xml version="1.0"?>
<doc>
    <assembly>
        <name>Sitecore.Framework.Publishing.Http.Abstractions</name>
    </assembly>
    <members>
        <member name="T:Sitecore.Framework.Publishing.Http.ApiConstants.ApiVersions">
            <summary>
            Defines the available API versions
            </summary>
        </member>
        <member name="T:Sitecore.Framework.Publishing.Http.ApiConstants.PublisherOperations">
            <summary>
            Defines the URLs for the PublisherOperations HTTP service.
            </summary>
            <remarks>
            PUT publishing/operations
            GET publishing/operations/status
            </remarks>
        </member>
        <member name="T:Sitecore.Framework.Publishing.Http.ApiConstants.Jobs">
            <summary>
            Defines the URLs for the Publishing job HTTP service.
            </summary>
            <remarks>
            GET publishing/jobqueue?top (to query queue)
            PUT publishing/jobqueue (to enqueue)
            
            GET publishing/jobhistory?top (to query history)
            
            GET publishing/activejob
            
            GET publishing/jobs/{id}
            GET publishing/jobs/{id}/status
            
            GET publishing/jobs/status
            </remarks>
        </member>
        <member name="T:Sitecore.Framework.Publishing.Http.ApiConstants.Manifests">
            <summary>
            Defines the URLs for the Manifest HTTP service.
            </summary>
            <remarks>
            <![CDATA[
            GET publishing/manifests/{id}
            GET publishing/manifests/{id}/steps? skip & top
            GET publishing/manifests/{id}/itemresults?skip & top
            GET publishing/manifests/{id}/itemresults$count
            GET publishing/manifests/status
            ]]>
            </remarks>
        </member>
        <member name="T:Sitecore.Framework.Publishing.Http.ApiConstants.HealthCheck">
            <summary>
            Defines the health check URLs for the Publishing Service
            </summary>
             /// <remarks>
            <![CDATA[
            GET /healthz/live
            GET /healthz/ready
            ]]>
            </remarks>
        </member>
    </members>
</doc>
