<?xml version="1.0"?>
<doc>
    <assembly>
        <name>Sitecore.Framework.Publishing.Abstractions</name>
    </assembly>
    <members>
        <member name="T:Sitecore.Framework.Publishing.Item.FieldReportSpecification">
            <summary>Specificy which fields should be reported on when persisting item changes.</summary>
        </member>
        <member name="T:Sitecore.Framework.Publishing.Item.IFieldData">
            <summary>
            The data of a field in Sitecore.  See <see cref="T:Sitecore.Framework.Publishing.Item.FieldData"/> for a default concrete implementation.
            </summary>
        </member>
        <member name="P:Sitecore.Framework.Publishing.Item.IFieldData.FieldId">
            <summary>
            The Field Id
            </summary>
        </member>
        <member name="P:Sitecore.Framework.Publishing.Item.IFieldData.ItemId">
            <summary>
            The Id of the Item the field belongs to.
            </summary>
        </member>
        <member name="P:Sitecore.Framework.Publishing.Item.IFieldData.RawValue">
            <summary>
            The raw string value of the field.
            </summary>
        </member>
        <member name="P:Sitecore.Framework.Publishing.Item.IFieldData.Variance">
            <summary>
            The type and identity of the variance of the field (Invariant, languageVariant, Variant).
            </summary>
        </member>
        <member name="T:Sitecore.Framework.Publishing.Item.IItemIdentifier">
            <summary>
            Defines the values that identify a given Item.
            </summary>
        </member>
        <member name="P:Sitecore.Framework.Publishing.Item.IItemIdentifier.Id">
            <summary>
            Item id
            </summary>
        </member>
        <member name="P:Sitecore.Framework.Publishing.Item.IItemMetadata.Properties">
            <summary> 
            The properties of the Item such as name, parent Id etc. 
            </summary> 
        </member>
        <member name="P:Sitecore.Framework.Publishing.Item.IItemMetadata.BaseLastModified">
            <summary>
            The last time the global data in the item was updated (properties or shared fields).
            </summary>
        </member>
        <member name="P:Sitecore.Framework.Publishing.Item.IItemMetadata.AllVariances">
            <summary>
            A complete list of all variants that exist for this Item.
            </summary>
        </member>
        <member name="T:Sitecore.Framework.Publishing.Item.IItemNode">
            <summary>
            The data representing multiple variants of an Item (i.e. multiple language-versions of an Item). See <see cref="T:Sitecore.Framework.Publishing.Item.ItemNode"/>
            for a default concrete implementation.
            </summary>
        </member>
        <member name="P:Sitecore.Framework.Publishing.Item.IItemNode.InvariantFields">
            <summary>
            The invariant (shared) fields for the Item.
            </summary>
        </member>
        <member name="P:Sitecore.Framework.Publishing.Item.IItemNode.LanguageVariantFields">
            <summary>
            The Language Variants (unversioned) fields for the Item.
            </summary>
        </member>
        <member name="P:Sitecore.Framework.Publishing.Item.IItemNode.VariantFields">
            <summary>
            The Variant (versioned) fields for the Item, grouped by the metadata of each variant.
            </summary>
        </member>
        <member name="P:Sitecore.Framework.Publishing.Item.IItemNode.LoadedVariances">
            <summary>
            A list of the variants that are currently loaded for this Item, indexed by the language,
            and ordered by version number within each language.
            </summary>
        </member>
        <member name="T:Sitecore.Framework.Publishing.Item.IItemNodeDescriptor">
            <summary>
            Describes the essential properties of an Item.
            </summary>
        </member>
        <member name="P:Sitecore.Framework.Publishing.Item.IItemNodeDescriptor.Id">
            <summary>
            The Id of the Item.
            </summary>
        </member>
        <member name="P:Sitecore.Framework.Publishing.Item.IItemNodeDescriptor.ParentId">
            <summary>
            The Id of the Item's parent.
            </summary>
        </member>
        <member name="P:Sitecore.Framework.Publishing.Item.IItemNodeDescriptor.TemplateId">
            <summary>
            The Id of the Sitecore Template for the Item.
            </summary>
        </member>
        <member name="P:Sitecore.Framework.Publishing.Item.IItemNodeDescriptor.BaseTemplates">
            <summary>
            The Ids of any Templates that this Template inherits from, if this Item is a Template.
            Otherwise if not a template, this can be empty.
            </summary>
        </member>
        <member name="T:Sitecore.Framework.Publishing.Item.IItemProperties">
            <summary>
            Defines the metadata that applies to the whole Item node, across all language versions. See <see cref="T:Sitecore.Framework.Publishing.Item.ItemProperties"/> for
            a default concrete implementation.
            </summary>
        </member>
        <member name="P:Sitecore.Framework.Publishing.Item.IItemProperties.Name">
            <summary>
            The name of the Item.
            </summary>
        </member>
        <member name="P:Sitecore.Framework.Publishing.Item.IItemProperties.TemplateId">
            <summary>
            The Id of the Item's template
            </summary>
        </member>
        <member name="P:Sitecore.Framework.Publishing.Item.IItemProperties.ParentId">
            <summary>
            The Id of the Item's parent
            </summary>
        </member>
        <member name="P:Sitecore.Framework.Publishing.Item.IItemProperties.MasterId">
            <summary>
            The Master Id of the Item.
            </summary>
        </member>
        <member name="T:Sitecore.Framework.Publishing.Item.IItemVariant">
            <summary>
            Defines the data of a variant of an Item; that is, a view of an Item in the context of a given Language,
            and a given version of that Language.  See <see cref="T:Sitecore.Framework.Publishing.Item.ItemVariant"/> for a concrete default implementation.
            </summary>
        </member>
        <member name="P:Sitecore.Framework.Publishing.Item.IItemVariant.Properties">
            <summary> 
            The properties of the Item such as name, parent Id etc. 
            </summary> 
        </member>
        <member name="P:Sitecore.Framework.Publishing.Item.IItemVariant.BaseLastModified">
            <summary>
            The last time the global data in the item was updated (properties or shared fields).
            </summary>
        </member>
        <member name="P:Sitecore.Framework.Publishing.Item.IItemVariant.LastModified">
            <summary>
            The most recent date-time any properties for the whole variant were modified.
            </summary>
        </member>
        <member name="P:Sitecore.Framework.Publishing.Item.IItemVariant.Fields">
            <summary>
            All the field values of the Item that are applicable for the variance (i.e. Language and Version).
            </summary>
        </member>
        <member name="T:Sitecore.Framework.Publishing.Item.IItemVariantIdentifier">
            <summary>
            Defines the values that identity a given variant of a give Item; the Item Id, Language and Version.
            </summary>
        </member>
        <member name="T:Sitecore.Framework.Publishing.Item.IItemVariantIdentity">
            <summary>
            Defines the values that specify the identity of a realised instance of a Variant of a given Item; that is it's identifier
            plus the revision, which is known (and must be provided) when a Variant instance is retrieved.
            </summary>
        </member>
        <member name="T:Sitecore.Framework.Publishing.Item.ItemNode">
            <summary>
            The concrete implementation for holding all the data for multiple variants of a given Item.
            </summary>
        </member>
        <member name="T:Sitecore.Framework.Publishing.Item.ItemVariant">
            <summary>
            The concrete implementation for holding the data of an Item Variant.
            </summary>
        </member>
        <member name="M:Sitecore.Framework.Publishing.Item.ItemVariant.#ctor(System.Guid,Sitecore.Framework.Publishing.Item.Language,Sitecore.Framework.Publishing.Item.Version,System.Guid,System.DateTimeOffset,System.DateTimeOffset,Sitecore.Framework.Publishing.Item.IItemProperties,System.Collections.Generic.IEnumerable{Sitecore.Framework.Publishing.Item.IFieldData})">
            <summary>
            Creates an Item variant instance.
            </summary>
            <param name="id">The Id of the Item.</param>
            <param name="language">The Language of the variant (cannot be Invariant).</param>
            <param name="version">The Version of the variant (cannot be Invariant)</param>
            <param name="revision">The revision of the variant (cannot be empty)</param>
            <param name="variantLastModified">The date-time the variant was last modified.</param>
            <param name="baseLastModified">The date-time the global properties of the variant were last modified.</param>
            <param name="properties">The metadata of the Item.</param>
            <param name="fields">All the fields that are applicable to this variant (Invariant, Language Variant and Variant).</param>
        </member>
        <member name="T:Sitecore.Framework.Publishing.Item.IVarianceIdentifier">
            <summary>
            Defines the values that identify a given variant within an Item. See <see cref="T:Sitecore.Framework.Publishing.Item.VarianceIdentifier"/> for
            a dedicated concrete implementation.
            </summary>
        </member>
        <member name="P:Sitecore.Framework.Publishing.Item.IVarianceIdentifier.Language">
            <summary>
            The Language of the variant (cannot be Invariant).
            </summary>
        </member>
        <member name="P:Sitecore.Framework.Publishing.Item.IVarianceIdentifier.Version">
            <summary>
            The Version of the variant (cannot be Invariant).
            </summary>
        </member>
        <member name="T:Sitecore.Framework.Publishing.Item.IVarianceIdentity">
            <summary>
            Defines the values that specify the identity of a realised instance of a Variant; that is it's Language and Version
            plus the revision, which is known (and must be provided) when a Variant instance is retrieved. See <see cref="T:Sitecore.Framework.Publishing.Item.VarianceIdentity"/> 
            for a dedicated concrete implementation.
            </summary>
        </member>
        <member name="P:Sitecore.Framework.Publishing.Item.IVarianceIdentity.Revision">
            <summary>
            The last known revision of the variant when it was loaded.
            </summary>
        </member>
        <member name="P:Sitecore.Framework.Publishing.Item.IVarianceMetadata.VariantLastModified">
            <summary>
            The most recent date-time the variant-only properties were updated.
            </summary>
        </member>
        <member name="T:Sitecore.Framework.Publishing.Item.Language">
            <summary>
            Represents a valid Language value in Sitecore.  The <see cref="F:Sitecore.Framework.Publishing.Item.Language.Invariant"/> static property can
            be used to specify 'no language'.  A valid Language value is essentially any non-null string.  Explicit
            cast operators exist to help transitioning between strings and Languages.
            </summary>
        </member>
        <member name="F:Sitecore.Framework.Publishing.Item.Language.ValueCache">
            <summary>
            As there will typically be lots of Language instances in the application for the same languages, a cache prevents
            unncessary high memory usage.
            </summary>
        </member>
        <member name="M:Sitecore.Framework.Publishing.Item.Language.Parse(System.String)">
            <summary>A language must be a non-null string. An empty string represents an invariant language.</summary>
        </member>
        <member name="M:Sitecore.Framework.Publishing.Item.Language.TryParse(System.String,Sitecore.Framework.Publishing.Item.Language@)">
            <summary>A language must be a non-null string. An empty string represents an invariant language.</summary>
        </member>
        <member name="T:Sitecore.Framework.Publishing.Item.VarianceIdentifier">
            <summary>
            Represents the unique identifier (or key) of a variant for with an Item.  A variant is uniquely identified within 
            a given Item by a Variant Language and Variant Version.
            </summary>
        </member>
        <member name="M:Sitecore.Framework.Publishing.Item.VarianceIdentifier.#ctor(Sitecore.Framework.Publishing.Item.Language,Sitecore.Framework.Publishing.Item.Version)">
            <summary>
            Create a variance identifier.
            </summary>
            <param name="language">The Language of the variance, which cannot be Invariant.</param>
            <param name="version">The Version of the variance, which cannot be Invariant.</param>
        </member>
        <member name="M:Sitecore.Framework.Publishing.Item.VarianceIdentifierExtensions.AsInfo(Sitecore.Framework.Publishing.Item.IVarianceIdentifier)">
            <summary>
            Creates a <see cref="T:Sitecore.Framework.Publishing.Item.VarianceInfo"/> from the Language and Version of the <see cref="T:Sitecore.Framework.Publishing.Item.VarianceIdentifier"/> .
            </summary>
            <param name="key"></param>
            <returns>The variant VarianceInfo represented by the variance Identifier.</returns>
        </member>
        <member name="T:Sitecore.Framework.Publishing.Item.VarianceInfo">
            <summary>
            Represents the variance of a component of an Item (i.e. a field or a relationship), which can either be
            Invariant, Language Variant or Variant.  The <see cref="P:Sitecore.Framework.Publishing.Item.VarianceInfo.VarianceType"/> property describes the type of variance.
            Use the Static methods and Invariant property to create an instance.
            </summary>
        </member>
        <member name="M:Sitecore.Framework.Publishing.Item.VarianceInfo.LanguageVariant(Sitecore.Framework.Publishing.Item.Language)">
            <summary>
            Create a Language variant variance. The language cannot be invariant.
            </summary>
            <param name="language"></param>
            <returns></returns>
        </member>
        <member name="M:Sitecore.Framework.Publishing.Item.VarianceInfo.Variant(Sitecore.Framework.Publishing.Item.Language,Sitecore.Framework.Publishing.Item.Version)">
            <summary>Creates a variant variance. Neither language or version can be invariant.</summary>
        </member>
        <member name="M:Sitecore.Framework.Publishing.Item.VarianceInfo.Parse(Sitecore.Framework.Publishing.Item.Language,Sitecore.Framework.Publishing.Item.Version)">
            <summary>
            Creates the appropriate variance for the supplied language and version when the expected variance is not 
            known.
            </summary>
            <param name="language">The candidate Language.</param>
            <param name="version">The candidate Version.</param>
            <returns>A valid Variance if described by the language and version, else throws a <see cref="T:System.ArgumentOutOfRangeException"/></returns>
        </member>
        <member name="T:Sitecore.Framework.Publishing.Item.VarianceType">
            <summary>
            Defines the different ways a data component of an Item is applicable across an Item's variants.
            </summary>
        </member>
        <member name="F:Sitecore.Framework.Publishing.Item.VarianceType.Invariant">
            <summary>
            Applicable to all versions of an Item (Shared).
            </summary>
        </member>
        <member name="F:Sitecore.Framework.Publishing.Item.VarianceType.LanguageVariant">
            <summary>
            Applicable to all versions of a given language of an Item (Unversioned).
            </summary>
        </member>
        <member name="F:Sitecore.Framework.Publishing.Item.VarianceType.Variant">
            <summary>
            Applicable to a specific variant (language-version pair) of an Item (Versioned).
            </summary>
        </member>
        <member name="F:Sitecore.Framework.Publishing.Item.Version.Cache">
            <summary>
            As there will typically be lots of Version instances in the application for the same versions, a cache prevents
            unncessary high memory usage.
            </summary>
        </member>
        <member name="M:Sitecore.Framework.Publishing.Item.Version.Parse(System.Int32)">
            <summary>
            A Version must be a positive integer.  An invariant Version will be parsed from a value of 0.
            An exception is thrown if the parsing fails.
            </summary>
            <param name="number">The version value to parse.</param>
            <returns>A valid Version object.  An exception is thrown if the parsing fails.</returns>
        </member>
        <member name="M:Sitecore.Framework.Publishing.Item.Version.TryParse(System.Int32,Sitecore.Framework.Publishing.Item.Version@)">
            <summary>
            A Version must be a positive integer.  An invariant Version will be parsed from a value of 0.
            </summary>
            <param name="number">The version value to parse.</param>
            <param name="version">The successfully created version to be assigned to.</param>
            <returns>True if valid Version was created, fails otherwise.</returns>
        </member>
        <member name="P:Sitecore.Framework.Publishing.Locators.ILocator.Store">
            <summary>
            Store name
            </summary>
        </member>
        <member name="M:Sitecore.Framework.Publishing.Locators.ItemLocatorUtils.ParseSitecoreVariantUri(System.String,System.String)">
            <summary>
            Parses a string representation of a classic Sitecore Item Uri into a IItemVariantLocator.  Store names are optional
            unfortunately, so a fallback store name can be provided.  Threepwood Uris require a store name, so an exception
            is thrown if one is not available either from the parsed uri or the fallback parameter.
            </summary>
            <param name="sitecoreUri">A class Sitecore Uri string, that represents a variant.</param>
            <param name="fallbackStore">The store name to use if one is not provided.</param>
            <returns>An Item Variant Uri if successful.  If the format is incorrect, or there are not sufficient parameters (language and version for example)
            then an ArgumentException is thrown.</returns>
        </member>
        <member name="M:Sitecore.Framework.Publishing.Locators.ItemLocatorUtils.ParseSitecoreVariantIdentifier(System.String)">
            <summary>
            Parses a string representation of a classic Sitecore Item Uri into a IItemVariantIdentifier.
            </summary>
            <param name="sitecoreUri">A class Sitecore Uri string, that represents a variant.</param>
            <returns>An Item Variant Identifier if successful.  If the format is incorrect, or there are not sufficient parameters (language and version for example)
            then an ArgumentException is thrown.</returns>
        </member>
        <member name="M:Sitecore.Framework.Publishing.Locators.ItemLocatorUtils.ParseSitecoreItemUri(System.String,System.String)">
            <summary>
            Parses a string representation of a classic Sitecore Item Uri into a IItemLocator.  Store names are optional
            unfortunately, so a fallback store name can be provided.  Threepwood Uris require a store name, so an exception
            is thrown if one is not available either from the parsed uri or the fallback parameter.
            </summary>
            <param name="sitecoreUri">A class Sitecore Uri string, that represents an Item.</param>
            <param name="fallbackStore">The store name to use if one is not provided.</param>
            <returns>An Item Uri if successful.  If the format is incorrect, or there are not sufficient parameters
            then an ArgumentException is thrown.</returns>
        </member>
        <member name="P:Sitecore.Framework.Publishing.Manifest.ItemPropertiesResult.Previous">
            <summary>Null if all the values are the same as current</summary>
        </member>
        <member name="T:Sitecore.Framework.Publishing.Manifest.ItemResult">
            <summary>
            Models data changes made to a whole item.
            </summary>
            <remarks>ItemResult needs to be serialized on disk, as well as across service boundaries, so must be serialized in 
            a terse format.  It encapsulates 3 different kinds of results, and will be consumed regularly by 3rd party components, 
            so the API must be self explanatory.
            
            This explains/justifies the slightly unconventional approach taken to model the 3 different result types.
            </remarks>
            <example>
            switch(result.PropertyChanges.ChangeType) // The ManifestOperationResultType can also be used to switch on.
            {
                case ResultChangeType.Created:
                    return result.AsCreated();
                case ResultChangeType.Modified:
                    return result.AsModified();
                case ResultChangeType.Deleted:
                    return result.AsDeleted();
                ....
            }
            </example>
        </member>
        <member name="P:Sitecore.Framework.Publishing.Manifest.ManifestOperationResult.Metadata">
            <summary>Needs to be json-serializable.</summary>
        </member>
    </members>
</doc>
