<?xml version="1.0"?>
<doc>
    <assembly>
        <name>Sitecore.Framework.Publishing.Data.ResourceItems</name>
    </assembly>
    <members>
        <member name="M:Sitecore.Framework.Publishing.Data.ResourceItems.IndexableResourceItemRepository.GetAllItems">
            <inheritdoc/>
        </member>
        <member name="M:Sitecore.Framework.Publishing.Data.ResourceItems.IndexableResourceItemRepository.GetItems(System.Collections.Generic.IReadOnlyCollection{System.Guid})">
            <inheritdoc/>
        </member>
        <member name="M:Sitecore.Framework.Publishing.Data.ResourceItems.IndexableResourceItemRepository.GetChildren(System.Collections.Generic.IReadOnlyCollection{System.Guid})">
            <inheritdoc/>
        </member>
        <member name="M:Sitecore.Framework.Publishing.Data.ResourceItems.Model.Extensions.ResourceItemExtensions.BaseTemplates(Sitecore.Framework.Publishing.Data.ResourceItems.Model.ResourceItem)">
            <summary>
            Returns ids of base templates if the item is a template. Otherwise, the result is an empty collection.
            </summary>
        </member>
        <member name="M:Sitecore.Framework.Publishing.Data.ResourceItems.Model.Extensions.ResourceItemPublishInfoExtensions.ToItemNodeDescriptor(Sitecore.Framework.Publishing.Data.ResourceItems.Model.ResourceItem)">
            <summary>
            Converts <see cref="T:Sitecore.Framework.Publishing.Data.ResourceItems.Model.ResourceItem"/> to <see cref="T:Sitecore.Framework.Publishing.Item.IItemNodeDescriptor"/>.
            </summary>
        </member>
        <member name="M:Sitecore.Framework.Publishing.Data.ResourceItems.ProtobufDataProvider.#ctor(System.Collections.Generic.IEnumerable{System.String},Microsoft.Extensions.Logging.ILogger{Sitecore.Framework.Publishing.Data.ResourceItems.ProtobufDataProvider})">
            <summary>
            Creates a new instance of the <see cref="T:Sitecore.Framework.Publishing.Data.ResourceItems.ProtobufDataProvider"/> class.
            </summary>
        </member>
        <member name="T:Sitecore.Framework.Publishing.Data.ResourceItems.ResourceConnection">
            <summary>
            Represents a logical connection to resource file or directory.
            </summary>
        </member>
        <member name="P:Sitecore.Framework.Publishing.Data.ResourceItems.ResourceConnection.RootFolders">
            <summary>
            Connection string is the path to the resource file or a directory of resource files.
            </summary>
        </member>
        <member name="M:Sitecore.Framework.Publishing.Data.ResourceItems.ResourceItemReadRepository.GetAllItemDescriptors">
            <inheritdoc/>
        </member>
        <member name="M:Sitecore.Framework.Publishing.Data.ResourceItems.ResourceItemReadRepository.GetChildrenDescriptors(System.Collections.Generic.IReadOnlyCollection{System.Guid})">
            <inheritdoc/>
        </member>
        <member name="M:Sitecore.Framework.Publishing.Data.ResourceItems.ResourceItemReadRepository.GetItemsDescriptors(System.Collections.Generic.IReadOnlyCollection{System.Guid})">
            <inheritdoc/>
        </member>
        <member name="M:Sitecore.Framework.Publishing.Data.ResourceItems.ResourceItemReadRepository.GetTemplatesDescriptors">
            <inheritdoc/>
        </member>
        <member name="M:Sitecore.Framework.Publishing.Data.ResourceItems.ResourceItemReadRepository.GetItemNodes(System.Collections.Generic.IReadOnlyCollection{System.Guid},Sitecore.Framework.Publishing.Item.NodeQueryContext)">
            <inheritdoc/>
        </member>
        <member name="M:Sitecore.Framework.Publishing.Data.ResourceItems.ResourceItemReadRepository.GetVariants(System.Collections.Generic.IReadOnlyCollection{Sitecore.Framework.Publishing.Item.IItemVariantIdentifier})">
            <inheritdoc/>
        </member>
    </members>
</doc>
