<?xml version="1.0"?>
<doc>
    <assembly>
        <name>Sitecore.Framework.Publishing.Service.Http</name>
    </assembly>
    <members>
        <member name="P:Sitecore.Framework.Publishing.Service.Http.Contracts.ResourceFiles.Responses.ResourceFilesMetadataResponse.Files">
            <summary>
            Resource files
            </summary>
        </member>
        <member name="P:Sitecore.Framework.Publishing.Service.Http.Contracts.ResourceFiles.Responses.ResourceFileMetadata.Name">
            <summary>
            Resource file name
            </summary>
        </member>
        <member name="P:Sitecore.Framework.Publishing.Service.Http.Contracts.ResourceFiles.Responses.ResourceFileMetadata.Hash">
            <summary>
            MD5 hash value calculated from the file content.
            </summary>
        </member>
        <member name="P:Sitecore.Framework.Publishing.Service.Http.Contracts.ResourceFiles.Responses.ResourceFileMetadata.Path">
            <summary>
            Normalized relative path of resource file
            </summary>
        </member>
        <member name="M:Sitecore.Framework.Publishing.Service.Http.Controllers.PublishJobQueueController.EnqueueJob(Sitecore.Framework.Publishing.PublishJobQueue.PublishOptions)">
            <summary>
            Queues a new publishing job
            </summary>
            <param name="message">The <see cref="T:Sitecore.Framework.Publishing.PublishJobQueue.PublishOptions"/> payload.</param>
            <returns>The <see cref="T:System.Guid"/> of the queued job.</returns>
        </member>
        <member name="M:Sitecore.Framework.Publishing.Service.Http.Controllers.ResourceFilesController.GetMetadataAsync">
            <summary>
            Gets information about the resource item files currently installed in the service
            </summary>
            <response code="200">Metadata is returned in the response body.</response>
            <response code="204">No resource files currently installed in the service.</response>
            <response code="500">The service failed to fulfill the request.</response>
        </member>
        <member name="M:Sitecore.Framework.Publishing.Service.Http.Controllers.ResourceFilesController.UploadFileAsync(Sitecore.Framework.Publishing.Service.Http.Contracts.ResourceFiles.Requests.UploadResourceFileRequest)">
            <summary>
            Uploads a resource file into the service.
            </summary>
            <param name="request">The upload resource file request.</param>
            <response code="202">The resource file has been uploaded.</response>
            <response code="400">The request data is invalid.</response>
            <response code="500">The service failed to fulfill the request.</response>
        </member>
    </members>
</doc>
