<?xml version="1.0"?>
<doc>
    <assembly>
        <name>Sitecore.Framework.Publishing.Host</name>
    </assembly>
    <members>
        <member name="T:Sitecore.Program">
            <summary>
            Encapsulates entry logic for the Sitecore runtime.
            </summary>
        </member>
        <member name="M:Sitecore.Program.Main(System.String[])">
            <summary>
            Entrypoint for the application.
            </summary>
            <param name="args">The arguments to be processed.</param>
            <returns>The return result of the invoked command.</returns>
        </member>
    </members>
</doc>
