<?xml version="1.0"?>
<doc>
    <assembly>
        <name>Sitecore.Framework.Publishing.Service.Abstractions</name>
    </assembly>
    <members>
        <member name="T:Sitecore.Framework.Publishing.ClassicEventQueue.IEventTypeMapper">
            <summary>
            Supports mapping strong types to type names.
            Sitecore requires specific typenames to support deserailizing
            content from the event queue. The types may change between Sitecore 
            versions.
            </summary>
        </member>
        <member name="M:Sitecore.Framework.Publishing.ClassicEventQueue.IEventTypeMapper.MapType(System.Type)">
            <summary>
            Returns the mapped type name for the given <see cref="T:System.Type"/>.
            </summary>
            <param name="type">The type to resolve.</param>
            <returns>The appropriate type name.</returns>
        </member>
        <member name="T:Sitecore.Framework.Publishing.Data.AdoNet.IDatabaseConnection">
            <summary>
            The abstraction encapsulating a concrete <see cref="T:System.Data.Common.DbConnection"/>, which will create and manage
            the actual connection.
            </summary>
        </member>
        <member name="P:Sitecore.Framework.Publishing.Data.AdoNet.IDatabaseConnection.Transaction">
            <summary>
            The current transaction (if any), active on the connection.  Can be null.
            </summary>
        </member>
        <member name="P:Sitecore.Framework.Publishing.Data.AdoNet.IDatabaseConnection.Database">
            <summary>
            The name of the physical database connected to.
            </summary>
        </member>
        <member name="P:Sitecore.Framework.Publishing.Data.AdoNet.IDatabaseConnection.ConnectionString">
            <summary>
            The original connection string used to establish the connection.
            </summary>
        </member>
        <member name="P:Sitecore.Framework.Publishing.Data.AdoNet.IDatabaseConnection.CommandTimeout">
            <summary>
            The default command timeout defined to be used for the connection.
            </summary>
        </member>
        <member name="M:Sitecore.Framework.Publishing.Data.AdoNet.IDatabaseConnection.OpenAsync">
            <summary>
            Opens the connection.
            </summary>
        </member>
        <member name="M:Sitecore.Framework.Publishing.Data.AdoNet.IDatabaseConnection.Close">
            <summary>
            Closes the connection.
            </summary>
        </member>
        <member name="M:Sitecore.Framework.Publishing.Data.AdoNet.IDatabaseConnection.ExecuteAsync(System.Func{System.Data.Common.DbConnection,System.Threading.Tasks.Task})">
            <summary>
            Executes an operation on the underlying physical connection to the database.
            </summary>
            <param name="dbWork">The operation to perform against the database.</param>
        </member>
        <member name="M:Sitecore.Framework.Publishing.Data.AdoNet.IDatabaseConnection.ExecuteAsync``1(System.Func{System.Data.Common.DbConnection,System.Threading.Tasks.Task{``0}})">
            <summary>
            Executes an operation on the underlying physical connection to the database, returning a value
            </summary>
            <param name="dbWork">The operation to perform against the database.</param>
        </member>
        <member name="T:Sitecore.Framework.Publishing.Data.AdoNet.IDbConnectionBehaviour">
            <summary>
            Defines the methods that are solely used by <see cref="T:Sitecore.Framework.Publishing.Data.AdoNet.IDatabaseConnection"/> and any application components
            to interact with the database underlying the DbConnection.  This can provide for any fault handling behaviour
            to be introduced, to accound for transient failures etc.
            </summary>
        </member>
        <member name="P:Sitecore.Framework.Publishing.Data.AdoNet.IDbConnectionBehaviour.CommandTimeout">
            <summary>
            An optional command timeout that if specified, will override the timeout defined on the connection.
            </summary>
        </member>
        <member name="M:Sitecore.Framework.Publishing.Data.AdoNet.IDbConnectionBehaviour.OpenAsync(System.Data.Common.DbConnection)">
            <summary>
            Opens the connection if not already open.  Returns true if the connection was opened, false
            if it was already open.
            </summary>
            <param name="connection">The connection to open.</param>
            <returns>Returns true if the connection was opened, false if it was already open.</returns>
        </member>
        <member name="M:Sitecore.Framework.Publishing.Data.AdoNet.IDbConnectionBehaviour.ExecuteAsync(System.Data.Common.DbConnection,System.Func{System.Data.Common.DbConnection,System.Threading.Tasks.Task})">
            <summary>
            Executes a command against the connection.
            </summary>
            <param name="connection">The connection instance to supply to the command.</param>
            <param name="commandImpl">The command that will perform an action on the connection.</param>
        </member>
        <member name="M:Sitecore.Framework.Publishing.Data.AdoNet.IDbConnectionBehaviour.ExecuteAsync``1(System.Data.Common.DbConnection,System.Func{System.Data.Common.DbConnection,System.Threading.Tasks.Task{``0}})">
            <summary>
            Executes a command against the connection, returning a value.
            </summary>
            <typeparam name="T">The type of value the command will return.</typeparam>
            <param name="connection">The connection instance to supply to the command.</param>
            <param name="commandImpl">The command that will perform an action on the connection.</param>
            <returns>The value produced by execting the command against the connection.</returns>
        </member>
        <member name="T:Sitecore.Framework.Publishing.Data.ITargetStore">
            <summary>
            Abstraction of a destination store for published items.
            The store must provide at least one connection via <see cref="T:Sitecore.Framework.Publishing.Data.ISingleConnectionStore"/> implementation.
            
            Implementors of the interface may also provide connections to multiple connections to 
            e.g. resource layers by alos implementing <see cref="T:Sitecore.Framework.Publishing.Data.IMulitpleConnectionsStore"/>.
            
            In all implementations, ISingleConnectionStore.Connection must always be equal to IMultipleConnectionStore.Connections.First().
            </summary>
        </member>
        <member name="M:Sitecore.Framework.Publishing.Data.TargetStoreExtensions.GetConnections(Sitecore.Framework.Publishing.Data.ITargetStore)">
            <summary>
            Obtain multiple connections via optional <see cref="T:Sitecore.Framework.Publishing.Data.IMulitpleConnectionsStore"/> interface on <see cref="T:Sitecore.Framework.Publishing.Data.ITargetStore"/>.
            </summary>
            <param name="store">An instance of <see cref="T:Sitecore.Framework.Publishing.Data.ITargetStore"/>.</param>
            <returns>A sequence of connections in the store.</returns>
        </member>
        <member name="T:Sitecore.Framework.Publishing.IRequiredPublishFieldsResolver">
            <summary>
            Defines sets of field type IDs that specify which fields types are honoured in the manifest
            calculation.
            </summary>
        </member>
        <member name="P:Sitecore.Framework.Publishing.IRequiredPublishFieldsResolver.MediaFieldsIds">
            <summary>
            The ids of field types that contain media ids.
            </summary>
        </member>
        <member name="P:Sitecore.Framework.Publishing.IRequiredPublishFieldsResolver.StandardValuesFieldIds">
            <summary>
            The ids of the field types that are loaded for all standard values items.
            </summary>
        </member>
        <member name="P:Sitecore.Framework.Publishing.IRequiredPublishFieldsResolver.PublishingFieldsIds">
            <summary>
            The ids of the field types that are loaded for <see cref="T:Sitecore.Framework.Publishing.ManifestCalculation.IPublishCandidate"/>s
            </summary>
        </member>
        <member name="M:Sitecore.Framework.Publishing.Item.ICompositeItemReadRepository.GetItemNodeAncestors(System.Guid)">
            <summary>
            Gets all ancestors of the specified node, starting with the parent and ending with the root node.
            </summary>
            <param name="id">The id of the item to find all the ancestors of.</param>
            <returns>An ordered collection of ancestor datas, starting at the root node and ending with the parent of the start node.</returns>
        </member>
        <member name="M:Sitecore.Framework.Publishing.Item.ICompositeItemReadRepository.GetItemNode(System.Guid,Sitecore.Framework.Publishing.Item.NodeQueryContext)">
            <summary>
            Get all versions of an item for set of languages and field types.
            </summary>
            <param name="id">The id of the item.</param>
            <param name="queryContext">The query parameters to </param>
            <returns>The data for the specified item.</returns>
        </member>
        <member name="T:Sitecore.Framework.Publishing.Item.IIndexableItemReadRepository">
            <summary> 
            The complete contract for providing Items that exist in a publishing source store (i.e. the Master database).
            This is the equivalent to the 'DataProvider' in the Kernel.
            </summary> 
        </member>
        <member name="M:Sitecore.Framework.Publishing.Item.IIndexableItemReadRepository.GetAllItemDescriptors">
            <summary> 
            Returns metadata of every Item that the repository currently contains. This is called at the
            start of every publishing job, and should be performant.
            </summary> 
            <returns>A metadata of every Item describing the basic properties.</returns> 
        </member>
        <member name="T:Sitecore.Framework.Publishing.Item.IItemReadRepository">
            <summary> 
            The general contract for providing Items that exist in a publishing source store, used widely in the Publishing Service.
            </summary> 
        </member>
        <member name="M:Sitecore.Framework.Publishing.Item.IItemReadRepository.GetItemNodes(System.Collections.Generic.IReadOnlyCollection{System.Guid},Sitecore.Framework.Publishing.Item.NodeQueryContext)">
            <summary> 
            All Items for the supplied ids, containing the fields that exist for the Languages and FieldIds
            in the context.
            </summary> 
            <param name="ids">The ids of the Items to return.</param> 
            <param name="queryContext">Additional criteria for the query, such as which languages and fields to return.</param>
            <returns>A collection of Item nodes</returns> 
        </member>
        <member name="M:Sitecore.Framework.Publishing.Item.IItemReadRepository.GetVariants(System.Collections.Generic.IReadOnlyCollection{Sitecore.Framework.Publishing.Item.IItemVariantIdentifier})">
            <summary> 
            All variants for the supplied identifiers.  All fields for the specified languages and versions should be
            returned.
            </summary> 
            <param name="identifiers">The spefication of which variants should be returned.</param>
            <returns>A collection of Item variants</returns> 
        </member>
        <member name="M:Sitecore.Framework.Publishing.ManifestCalculation.IPublishCandidate.HasVariants">
            <summary>
            Check if any variants (at all) were returned for this item.
            </summary>
            <remarks>There may be cases when a script has created this item in an incorrect manner.</remarks>
            <returns></returns>
        </member>
        <member name="M:Sitecore.Framework.Publishing.Manifest.IManifestRepository.CreateManifest(Sitecore.Framework.Publishing.Manifest.ManifestOperation,System.Guid)">
            <summary>
            Creates a new manifest and loads data into it, transforming using the strategy.
            </summary>        
            <param name="operation">Type of manifest this is.</param>
            <param name="targetId">Publishing target Id.</param>
            <returns>Id of the newly created manifest.</returns>
        </member>
        <member name="M:Sitecore.Framework.Publishing.Manifest.IManifestRepository.DeleteManifest(System.Guid)">
            <summary>
            Delete manifest and all associated steps.
            </summary>
            <param name="manifestId"></param>
            <returns></returns>
        </member>
        <member name="M:Sitecore.Framework.Publishing.Manifest.IManifestRepository.AddSteps(System.Guid,System.Collections.Generic.IReadOnlyCollection{Sitecore.Framework.Publishing.Manifest.IManifestStep})">
            <summary>
            Adds manifest steps to an existing manifest.
            </summary>
            <param name="manifestId">The id of the manifest to add the steps to.</param>
            <param name="steps">The steps to add to the manifest.</param>
            <returns></returns>
        </member>
        <member name="M:Sitecore.Framework.Publishing.Manifest.IManifestRepository.GetSteps(System.Guid,System.Int32,System.Int32)">
            <summary>
            Gets a selection of ManifestStep objects for a particular manifest.
            </summary>
            <param name="manifestId">Identity of the manifest.</param>
            <param name="skip">Number of rows to skip.</param>
            <param name="take">Number of rows to return.</param>
            <returns></returns>
        </member>
        <member name="M:Sitecore.Framework.Publishing.Manifest.IManifestRepository.GetSteps(System.Guid,Sitecore.Framework.Publishing.Manifest.ManifestStepAction,System.Int32,System.Int32)">
            <summary>
            Gets a selection of ManifestStep objects for a particular manifest.
            </summary>
            <param name="manifestId">Identity of the manifest.</param>
            <param name="stepActionFilter">Filter results by ManifestStepAction</param>
            <param name="skip">Number of rows to skip.</param>
            <param name="take">Number of rows to return.</param>
            <returns></returns>
        </member>
        <member name="M:Sitecore.Framework.Publishing.Manifest.IManifestRepository.BeginOperation(System.Guid)">
            <summary>
            Starts an operation on a manifest.
            </summary>
            <param name="manifestId">Identity of the manifest.</param>
            <returns></returns>
        </member>
        <member name="M:Sitecore.Framework.Publishing.Manifest.IManifestRepository.CompleteOperation(System.Guid)">
            <summary>
            Mark the manifest operation as complete.
            </summary>
            <param name="manifestId">Identity of the manifest.</param>
            <returns></returns>
        </member>
        <member name="M:Sitecore.Framework.Publishing.Manifest.IManifestRepository.FailOperation(System.Guid)">
            <summary>
            Mark the manifest as failed/errored.
            </summary>
            <param name="manifestId"></param>
            <returns></returns>
        </member>
        <member name="M:Sitecore.Framework.Publishing.Manifest.IManifestRepository.CountSteps(System.Guid)">
            <summary>
            The number of steps in the manifest.
            </summary>
            <param name="manifestId">Identity of the manifest.</param>
            <returns></returns>
        </member>
        <member name="M:Sitecore.Framework.Publishing.Manifest.IManifestStatusProvider`1.GetManifestStatus(`0,System.Guid)">
            <summary>
            Retrieve status for a given manifest.
            </summary>
            <param name="connection">The connection.</param>
            <param name="manifestId">Identity of the manifest.</param>        
        </member>
        <member name="M:Sitecore.Framework.Publishing.Manifest.IManifestStatusProvider`1.GetManifestStatus(`0,System.Collections.Generic.IReadOnlyCollection{System.Guid})">
            <summary>
            Retrieve status for a given manifest list.
            </summary>
            <param name="connection">The connection.</param>
            <param name="manifestIdList">Identity of the manifests.</param>        
        </member>
        <member name="M:Sitecore.Framework.Publishing.Manifest.IManifestStatusProvider`1.CreateManifestStatus(`0,Sitecore.Framework.Publishing.Manifest.ManifestStatusEntity)">
            <summary>
            Creates a status for a new manifest.
            </summary>
            <param name="connection">The connection.</param>
            <param name="entity">Status to persist.</param>
        </member>
        <member name="M:Sitecore.Framework.Publishing.Manifest.IManifestStatusProvider`1.SaveManifestStatus(`0,Sitecore.Framework.Publishing.Manifest.ManifestStatusEntity)">
            <summary>
            Save changes to the manifest status.
            </summary>
            <param name="connection">The connection.</param>
            <param name="entity">Status to persist.</param>
        </member>
        <member name="M:Sitecore.Framework.Publishing.Manifest.IManifestStepProvider`1.AddSteps(`0,System.Guid,Sitecore.Framework.Publishing.Manifest.IManifestStep)">
            <summary>
            Add a step to a manifest.
            </summary>
            <param name="connection">The connection.</param>
            <param name="manifestId">Identity of the manifest.</param>
            <param name="step">The step to add.</param>
            <returns></returns>
        </member>
        <member name="M:Sitecore.Framework.Publishing.Manifest.IManifestStepProvider`1.AddSteps(`0,System.Guid,System.Collections.Generic.IReadOnlyCollection{Sitecore.Framework.Publishing.Manifest.IManifestStep})">
            <summary>
            Add multiple steps to a manifest.
            </summary>
            <param name="connection">The connection.</param>
            <param name="manifestId">Identity of the manifest.</param>
            <param name="steps">The steps to add.</param>
            <returns></returns>
        </member>
        <member name="M:Sitecore.Framework.Publishing.Manifest.IManifestStepProvider`1.GetSteps(`0,System.Guid,System.Int32,System.Int32)">
            <summary>
            Get the steps of a manifest.
            </summary>
            <param name="connection">The connection.</param>
            <param name="manifestId">Identity of the manifest.</param>
            <param name="skip">Steps to skip.</param>
            <param name="take">Result size to return.</param>
            <returns></returns>
        </member>
        <member name="M:Sitecore.Framework.Publishing.Manifest.IManifestStepProvider`1.GetSteps(`0,System.Guid,Sitecore.Framework.Publishing.Manifest.ManifestStepAction,System.Int32,System.Int32)">
            <summary>
            Get the (filtered) steps of a manifest.
            </summary>
            <param name="connection">The connection.</param>
            <param name="manifestId">Identity of the manifest.</param>
            <param name="stepActionFilter">Action to filter results by.</param>
            <param name="skip">Steps to skip.</param>
            <param name="take">Result size to return.</param>
            <returns></returns>
        </member>
        <member name="M:Sitecore.Framework.Publishing.Manifest.IManifestStepProvider`1.CountSteps(`0,System.Guid)">
            <summary>
            Count the number of steps in the specified manifest.
            </summary>
            <param name="connection">The connection.</param>
            <param name="manifestId">Identity of the manifest.</param>
            <returns></returns>
        </member>
    </members>
</doc>
