<?xml version="1.0"?>
<doc>
    <assembly>
        <name>Sitecore.Framework.Publishing.Common</name>
    </assembly>
    <members>
        <member name="T:Sitecore.Framework.Publishing.TimeBasedGuidFactory">
            <summary>
            Used for generating UUID based on RFC 4122.
            </summary>
            <seealso href="http://www.ietf.org/rfc/rfc4122.txt">RFC 4122 - A Universally Unique IDentifier (UUID) URN Namespace</seealso>
        </member>
        <member name="M:Sitecore.Framework.Publishing.TimeBasedGuidFactory.GenerateNodeBytes">
            <summary>
            Generates a random value for the node.
            </summary>
            <returns></returns>
        </member>
        <member name="M:Sitecore.Framework.Publishing.TimeBasedGuidFactory.GenerateNodeBytes(System.Net.IPAddress)">
            <summary>
            Generates a node based on the first 6 bytes of an IP address.
            </summary>
            <param name="ip"></param>
        </member>
        <member name="M:Sitecore.Framework.Publishing.TimeBasedGuidFactory.GenerateNodeBytes(System.Net.NetworkInformation.PhysicalAddress)">
            <summary>
            Generates a node based on the bytes of the MAC address.
            </summary>
            <param name="mac"></param>
            <remarks>The machines MAC address can be retrieved from <see cref="M:System.Net.NetworkInformation.NetworkInterface.GetPhysicalAddress"/>.</remarks>
        </member>
        <member name="M:Sitecore.Framework.Publishing.TimeBasedGuidFactory.GenerateClockSequenceBytes">
            <summary>
            Generates a random clock sequence.
            </summary>
        </member>
        <member name="M:Sitecore.Framework.Publishing.TimeBasedGuidFactory.GenerateClockSequenceBytes(System.DateTime)">
            <summary>
            In order to maintain a constant value we need to get a two byte hash from the DateTime.
            </summary>
        </member>
        <member name="M:Sitecore.Framework.Publishing.TimeBasedGuidFactory.GenerateClockSequenceBytes(System.DateTimeOffset)">
            <summary>
            In order to maintain a constant value we need to get a two byte hash from the DateTime.
            </summary>
        </member>
    </members>
</doc>
