<?xml version="1.0" encoding="utf-8"?>

<Sitecore>
  <Logging>
    <!-- Add a console logger -->
    <Serilog>
      <!--  Allow messages at the Debug level or above to be emmited by all Sitecore components. -->
      <MinimumLevel>
        <Override>
          <Sitecore>Debug</Sitecore>
          <!-- Enable this filter to log extra information about the publish. -->
          <!-- Level : Debug = Show which items were skipped due to item or variant level restrictions. -->
          <!-- Level : Verbose = Show full output of the manifest as it is calculated. (Warning : Will print a line for each item/language/version combination.) -->
          <!-- <Sitecore.Framework.Publishing.DiagnosticLogger>Debug</Sitecore.Framework.Publishing.DiagnosticLogger> -->
        </Override>
      </MinimumLevel>
    </Serilog>
  </Logging>
</Sitecore>