<?xml version="1.0"?>
<doc>
    <assembly>
        <name>Sitecore.Framework.Publishing</name>
    </assembly>
    <members>
        <member name="F:Sitecore.Framework.Publishing.DataPromotion.DefaultPromotionCoordinator._fieldsToIncludeInItemResults">
            <summary>
            Only those fields that are required by Sitecore in the remote events, typically for cache clearing behaviour.
            </summary>
        </member>
        <member name="T:Sitecore.Framework.Publishing.DataPromotion.DistributedTransactionOperationStrategy">
            <summary>
            Unsupported and untested.  This implementation has not been tested, but has been developed to help design the 
            strategy abstraction.  It may be supported in future versions if required.
            </summary>
        </member>
        <member name="T:Sitecore.Framework.Publishing.DiagnosticLogger">
            <summary>
            Stub class for filtering of logs.
            </summary>
        </member>
        <member name="T:Sitecore.Framework.Publishing.HealthChecks.DatabaseConnectionHealthCheck">
            <summary>
            A health check that checks the database connectivity for the publishing service.
            </summary>
        </member>
        <member name="M:Sitecore.Framework.Publishing.HealthChecks.DatabaseConnectionHealthCheck.CheckHealthAsync(Microsoft.Extensions.Diagnostics.HealthChecks.HealthCheckContext,System.Threading.CancellationToken)">
            <inheritdoc cref="T:Microsoft.Extensions.Diagnostics.HealthChecks.IHealthCheck"/>
        </member>
        <member name="T:Sitecore.Framework.Publishing.HealthChecks.DatabaseSchemaHealthCheck">
            <summary>
            A health check that checks the version of the installed database schema for the publishing service.
            </summary>
        </member>
        <member name="M:Sitecore.Framework.Publishing.HealthChecks.DatabaseSchemaHealthCheck.CheckHealthAsync(Microsoft.Extensions.Diagnostics.HealthChecks.HealthCheckContext,System.Threading.CancellationToken)">
            <inheritdoc cref="T:Microsoft.Extensions.Diagnostics.HealthChecks.IHealthCheck"/>
        </member>
        <member name="T:Sitecore.Framework.Publishing.ManifestCalculation.ClassicDateUtil">
            <summary>
            Parses Sitecore DateTime strings and converts DateTime objects to Sitecore DateTime strings.  Ported from
            Kernel.DateUtil.
            </summary>
            <remarks>The code quality of DateUtil is very poor, and tightly coupled to lots of other components
            in Sitecore.  So we've just taken the minimal set of functionality we need (read and write ISO UTC strings),
            and made minor modifications to acheive this, to avoid bringing any other dependencies across.</remarks>
        </member>
        <member name="F:Sitecore.Framework.Publishing.ManifestCalculation.ClassicDateUtil.IsoDateTimeLength">
            <summary>Length of an iso datetime.</summary>
        </member>
        <member name="F:Sitecore.Framework.Publishing.ManifestCalculation.ClassicDateUtil.IsoDateTimeUtcMarker">
            <summary>UTC marker of an iso datetime.</summary>
        </member>
        <member name="F:Sitecore.Framework.Publishing.ManifestCalculation.ClassicDateUtil.IsoDateLength">
            <summary>Length of an iso date.</summary>
        </member>
        <member name="F:Sitecore.Framework.Publishing.ManifestCalculation.ClassicDateUtil.IsoDateUtcLength">
            <summary>Length of a UTC iso date.</summary>
        </member>
        <member name="F:Sitecore.Framework.Publishing.ManifestCalculation.ClassicDateUtil.IsoDateTimeUtcLength">
            <summary>Length of a UTC iso datetime.</summary>
        </member>
        <member name="M:Sitecore.Framework.Publishing.ManifestCalculation.ClassicDateUtil.ParseDateTime(System.String,System.DateTime)">
            <summary>
            Parses a string into a DateTime structure.
            </summary>
            <param name="value">The value.</param>
            <param name="defaultValue">The default value.</param>
            <returns></returns>
        </member>
        <member name="M:Sitecore.Framework.Publishing.ManifestCalculation.ClassicDateUtil.ParseDateTime(System.String,System.DateTime,System.Globalization.CultureInfo)">
            <summary>
            Parses a string into a DateTime structure.
            </summary>
            <param name="value">The value.</param>
            <param name="defaultValue">The default value.</param>
            <param name="info">The info.</param>
            <returns>Parsed DateTime structure.</returns>
        </member>
        <member name="M:Sitecore.Framework.Publishing.ManifestCalculation.ClassicDateUtil.IsoDateToDateTime(System.String)">
            <summary>
            Converts an ISO formatted date/time string to a DateTime class.
            </summary>
            <param name="isoDate">An ISO formatted date/time string.</param>
            <returns>
            The DateTime class equivalent of the date/time string.
            If the date/time is not valid, DateTime.MinValue is returned.
            </returns>
            <remarks>The date/time string is formatted as "yyyyMMddTHHmmss".</remarks>
            <example>
            The following example converts an ISO formatted date/time string to a DateTime class.
            <code>
            string isoNow = DateUtil.IsoNow;
            DateTime now = DateUtil.IsoDateToDateTime(isoNow);
            </code>
            </example>
        </member>
        <member name="M:Sitecore.Framework.Publishing.ManifestCalculation.ClassicDateUtil.IsoDateToDateTime(System.String,System.DateTime)">
            <summary>
            Converts an ISO formatted date/time string to a DateTime class.
            </summary>
            <param name="isoDate">An ISO formatted date/time string.</param>
            <param name="defaultValue">Default value to use if <paramref name="isoDate"/>
            can not be converted to a date/time.</param>
            <returns>
            The <see cref="T:System.DateTime"/> class equivalent of the date/time string.
            If the date/time is not valid, <see cref="T:System.DateTime"/>.MinValue is returned.
            </returns>
            <remarks>The date/time string is formatted as "yyyyMMddTHHmmss".</remarks>
            <example>
            The following example converts an ISO formatted date/time string to a <see cref="T:System.DateTime"/> class.
            <code>
            string isoNow = DateUtil.IsoNow;
            DateTime now = DateUtil.IsoDateToDateTime(isoNow, DateTime.MinValue);
            </code>
            </example>
        </member>
        <member name="M:Sitecore.Framework.Publishing.ManifestCalculation.ClassicDateUtil.IsoDateToDateTime(System.String,System.DateTime,System.Boolean)">
            <summary>
            Converts an ISO formatted date/time string to a DateTime class.
            </summary>
            <param name="isoDate">An ISO formatted date/time string.</param>
            <param name="defaultValue">Default value to use if <paramref name="isoDate"/>
            can not be converted to a date/time.</param>
            <param name="treatLegacyDatesAsUtc">Boolean value that specifies whether or not legacy dates should be treated as UTC dates.</param>
            <returns>
            The <see cref="T:System.DateTime"/> class equivalent of the date/time string.
            If the date/time is not valid, <see cref="T:System.DateTime"/>.MinValue is returned.
            </returns>
            <remarks>The date/time string is formatted as "yyyyMMddTHHmmss".</remarks>
            <example>
            The following example converts an ISO formatted date/time string to a <see cref="T:System.DateTime"/> class.
            <code>
            string isoNow = DateUtil.IsoNow;
            DateTime now = DateUtil.IsoDateToDateTime(isoNow, DateTime.MinValue, false);
            </code>
            </example>
        </member>
        <member name="M:Sitecore.Framework.Publishing.ManifestCalculation.ClassicDateUtil.GetIsoDateParts(System.String,System.Boolean,System.Boolean@)">
            <summary>
            Gets the parts of an ISO formatted date/time string (Year, Month, Day, Hour, Minute, Second).
            </summary>
            <param name="isoDate">An ISO formatted date/time string.</param>
            <param name="treatLegacyDatesAsUtc">Boolean value that specifies whether or not legacy dates should be treated as UTC dates.</param>
            <param name="isUtc">if set to <c>true</c> date is a UTC date.</param>
            <returns>
            An integer array containing the parts of the date. If the date/time is not valid, null is returned.
            </returns>
            <example>
            The following example returns the month of an ISO date/time.
              <code>
            string isoNow = DateUtil.IsoNow;
            int[] parts = DateUtil.GetIsoDateParts(isoNow);
            return parts[1]; // month
              </code>
              </example>
            <remarks>
            The integer array contains the following parts:
            <list type="number">
            <item><description>Year</description></item>
            <item><description>Month</description></item>
            <item><description>Day</description></item>
            <item><description>Hour</description></item>
            <item><description>Minute</description></item>
            <item><description>Second</description></item>
            </list>
            The time part can be omitted.
            <para>The date/time string is formatted as "yyyyMMddTHHmmss".</para>
            </remarks>
        </member>
        <member name="M:Sitecore.Framework.Publishing.ManifestCalculation.ClassicDateUtil.ToIsoDate(System.DateTime)">
            <summary>
            Converts a DateTime class to an ISO formatted date/time string.
            </summary>
            <param name="datetime">A DateTime class to be formatted.</param>
            <returns>
            The ISO formatted date/time equivalent of the DateTime class.
            </returns>
            <remarks>The date/time string is formatted as "yyyyMMddTHHmmss".</remarks>
            <example>
            The following example returns UtcNow formatted as an ISO date.
            <code>
            return DateUtil.ToIsoDate(DateTime.UtcNow);
            </code>
            </example>
        </member>
        <member name="M:Sitecore.Framework.Publishing.ManifestCalculation.ClassicDateUtil.ToIsoDate(System.DateTime,System.Boolean)">
            <summary>
            Converts a DateTime class to an ISO formatted date/time string.
            </summary>
            <param name="datetime">A DateTime class to be formatted.</param>
            <param name="includeTicks">if set to <c>true</c>, ticks are included.</param>        
            <returns>
            The ISO formatted date/time equivalent of the DateTime class.
            </returns>
            <remarks>The date/time string is formatted as "yyyyMMddTHHmmss".</remarks>
            <example>
            The following example returns UtcNow formatted as an ISO date.
            <code>
            return DateUtil.ToIsoDate(DateTime.UtcNow, false, false);
            </code>
            </example>
        </member>
        <member name="M:Sitecore.Framework.Publishing.ManifestCalculation.ClassicDateUtil.ParseLong(System.String,System.Int64)">
            <summary>
            Replacement for the insane Kernel MainUtil.GetLong.
            </summary>
            <param name="str"></param>
            <param name="defaultValue"></param>
            <returns></returns>
        </member>
        <member name="M:Sitecore.Framework.Publishing.ManifestCalculation.ClassicDateUtil.ParseInt(System.String,System.Int32)">
            <summary>
            Replacement for the insane Kernel MainUtil.GetInt.
            </summary>
            <param name="str"></param>
            <param name="defaultValue"></param>
            <returns></returns>
        </member>
        <member name="P:Sitecore.Framework.Publishing.ManifestCalculation.ValidCandidateTargetContext.VariantsToPromote">
            <summary>Variants to be promoted on the target.</summary>
        </member>
        <member name="P:Sitecore.Framework.Publishing.ManifestCalculation.ValidCandidateTargetContext.VariantsToDelete">
            <summary>Variants to be deleted on the target.</summary>
        </member>
        <member name="P:Sitecore.Framework.Publishing.ManifestCalculation.ValidCandidateTargetContext.VariantsNotModified">
            <summary>Variants that will not be promoted or deleted on the target.</summary>
        </member>
        <member name="M:Sitecore.Framework.Publishing.ManifestCalculation.UnpublishedNodeSourceProducer.LoadCandidates(System.Func{System.Collections.Generic.IReadOnlyCollection{Sitecore.Framework.Publishing.ManifestCalculation.IPublishCandidate},System.Threading.Tasks.Task},System.Collections.Generic.IReadOnlyCollection{System.String},System.Collections.Generic.IDictionary{System.Guid,System.String},System.Collections.Generic.IReadOnlyCollection{System.String})">
            <summary>
            Load the candidate nodes into memory in batches, discarding each batch before loading
            the next.
            </summary>
            <returns></returns>
        </member>
        <member name="T:Sitecore.Framework.Publishing.ManifestCalculation.VariantsValidationTargetProducer.CandidatePromotionContext">
            <summary>
            The calculator is initiliased with the current state of an item on the target. The complete set of variants 
            required to be on the target for each language can be set.  Finally the Calculate..() method
            can be called to describe the actions that are required to migrate the target in its current state, to the
            new desired state.
            </summary>
            <remarks>Note: this class is not threadsafe.</remarks>
        </member>
        <member name="M:Sitecore.Framework.Publishing.Manifest.ManifestRepository.AddSteps(System.Guid,System.Collections.Generic.IReadOnlyCollection{Sitecore.Framework.Publishing.Manifest.IManifestStep})">
            <summary>
            Adds manifest steps to an existing manifest.
            </summary>
            <param name="manifestId">The id of the manifest to add the steps to.</param>
            <param name="steps">The steps to add to the manifest.</param>
            <returns></returns>
        </member>
        <member name="T:Sitecore.Framework.Publishing.Tree.LowestCommonAncestorsFinder">
            <summary>
            This class is responsible for finding the lowest common ancestors for a given number of nodes.
            </summary>
        </member>
        <member name="M:Sitecore.Framework.Publishing.Tree.LowestCommonAncestorsFinder.#ctor(Sitecore.Framework.Publishing.ItemIndex.ISourceIndexWrapper)">
            <summary>
            Constructs the Lowest Common Ancestors (LCAs) logic around the Source Index <see cref="T:Sitecore.Framework.Publishing.ItemIndex.ISourceIndexWrapper"/>.
            </summary>
            <param name="sourceIndex">The source index represents the tree structure used to find the LCAs</param>
        </member>
        <member name="M:Sitecore.Framework.Publishing.Tree.LowestCommonAncestorsFinder.Find(System.Guid[])">
            <summary>
            Finds the Lowest Common Ancestors (LCAs) given a set of node Ids.
            The LCAs have to be a subset of the input nodes. 
            </summary>
            <param name="modifiedIds">The node ids to find the LCAs for.</param>
            <returns>A List of <see cref="T:Sitecore.Framework.Publishing.Item.ItemNodeDescriptor"/> represent the LCAs.</returns>
        </member>
    </members>
</doc>
