<?xml version="1.0"?>
<doc>
    <assembly>
        <name>Sitecore.Framework.Publishing.Data.Classic</name>
    </assembly>
    <members>
        <member name="M:Sitecore.Framework.Publishing.Data.Classic.ItemEntityExtensions.TryMapVariance(System.String,System.Nullable{System.Int32},Sitecore.Framework.Publishing.Item.VarianceInfo@)">
            <summary>
            Accounts for corrupt variance values that can occur in the real world created by our beloved Kernel.
            </summary>
        </member>
        <member name="M:Sitecore.Framework.Publishing.Data.Classic.SqlServer.ClassicSqlServerDataProvider.DeleteItem(Sitecore.Framework.Publishing.Data.AdoNet.IDatabaseConnection,System.Guid,System.Boolean)">
            <summary>
            Removes the item, field and link data for all languages and versions of an item
            </summary>
            <param name="connection">The database transactional connection.</param>
            <param name="id">The id for the item to be deleted.</param>
            <param name="calculateChanges">Set to <c></c></param>
            <returns>True if successful, otherwise false.</returns>
        </member>
        <member name="M:Sitecore.Framework.Publishing.Data.Classic.SqlServer.ClassicSqlServerDataProvider.DeleteItems(Sitecore.Framework.Publishing.Data.AdoNet.IDatabaseConnection,System.Collections.Generic.IReadOnlyCollection{System.Guid},System.Boolean)">
            <summary>
            Removes the item, field and link data for all languages and versions of multiple items.
            </summary>
            <param name="connection">The database transactional connection.</param>
            <param name="ids">The ids of the items to be deleted.</param>
            <param name="calculateChanges">Whether changes should be calculated.</param>
            <returns>True if successful, otherwise false.</returns>
        </member>
    </members>
</doc>
