﻿<?xml version="1.0" encoding="utf-8"?>

<Settings>
  <!--
    Provides default configuration for component services required by the Schema command of the Publishing Service application    
        
    NOTE:
      When registering a type you can configure the following values:
        Type      (Required): The full type reference of the instance being registered
        As        (Optional): The type the instance may be resolved as (defaults to Type if not provided)
        LifeTime  (Optional): The lifetime of instance.  Can be Singleton or Transient. (defaults to Singleton)
        Options   (Optional): If the type contains a constructor that receives IConfiguration, you can provide
                              additional values here to match the resulting type of options for that type.
  -->
  <Commands>
    <Schema>
      <Services>
        <Add>
          <!--Base Services -->
          <!--
            STORES
            
            Provides data stores for the application.
            
            The StoreFactory handles the creation of connections used throughout the service.
            
            Connections can be of the type:
              Service: Only one connection can be defined to handle connections to the service database.
              Sources: Connections to databases containing source information to publish to Targets.
              Targets: Connections to databases containing destination tables for source data.
              Custom: Custom connections used for other purposes.
              
            ConnectionName: Maps directly to connection(s) by its name as defined in DefaultConnectionFactory
            FeaturesListName: Maps directly to a Feature Lists by its name as defined in StoreFeaturesLists
          -->
          <StoreFactory>
            <As>Sitecore.Framework.Publishing.Data.IStoreFactory, Sitecore.Framework.Publishing.Service.Abstractions</As>
            <Type>Sitecore.Framework.Publishing.Data.DefaultStoreFactory, Sitecore.Framework.Publishing.Data</Type>
            <Options>
              <Stores>
                <Service>
                  <Type>Sitecore.Framework.Publishing.Data.ServiceStore, Sitecore.Framework.Publishing.Data</Type>
                  <ConnectionName>Service</ConnectionName>
                  <FeaturesListName>ServiceStoreFeatures</FeaturesListName>
                </Service>
                <Sources>
                  <Master>
                    <Type>Sitecore.Framework.Publishing.Data.SourceStore, Sitecore.Framework.Publishing.Data</Type>
                    <ConnectionNames>
                      <MasterDatabase>Master</MasterDatabase>
                      <MasterResources>MasterResources</MasterResources>
                    </ConnectionNames>
                    <FeaturesListName>SourceStoreFeatures</FeaturesListName>
                    <!-- The name of the Database entity in Sitecore. -->
                    <ScDatabase>master</ScDatabase>
                  </Master>
                </Sources>
                <Targets>
                  <!--Additional targets can be configured here-->
                  <Internet>
                    <Type>Sitecore.Framework.Publishing.Data.TargetStore, Sitecore.Framework.Publishing.Data</Type>
                    <ConnectionNames>
                      <WebDatabase>Internet</WebDatabase>
                      <WebResources>WebResources</WebResources>
                    </ConnectionNames>
                    <FeaturesListName>TargetStoreFeatures</FeaturesListName>
                    <!-- The id of the target item definition in Sitecore. -->
                    <Id>8E080626-DDC3-4EF4-A1D1-F0BE4A200254</Id>
                    <!-- The name of the Database entity in Sitecore. -->
                    <ScDatabase>web</ScDatabase>
                  </Internet>
                </Targets>
                <!--<Custom>
                  <MyCustomStore>
                    <Type>Sitecore.Framework.Publishing.Data.CustomStore, Sitecore.Framework.Publishing.Data</Type>
                    <ConnectionName>MyCustomConnectionName</ConnectionName>
                    <FeaturesListName>MyCustomStoreFeatures</FeaturesListName>
                  </MyCustomStore>
                </Custom>-->
              </Stores>
            </Options>
          </StoreFactory>

          <!-- 
            CONNECTIONS
            
            The connections available to the stores. Each store can reference one or multiple connections by its name element. e.g. Master.
            
            For Ado.Net connections:
            
            - ConnectionString      : 
            - DefaultCommandTimeout : The default timeout used when executing commands. This value will typically be overriden by the Connection Behaviour timeout 
                                      used in each context, however this value will be used if no behaviour is configured for the context.
            - Behaviours  : 
            
                  Defines which connection behaviours are used for the connection for each Data Access Context. There are 2 main types of data access 
                  contexts currently defined:
                    1. Api     : When the data is being processed to serve a request for a information from an out-of-process component.
                    2. Backend : When data is being processed as part of a background operation (i.e. a publishing job).
                    
                  See the 'Connection Behaviours' section below for more information on the behaviours.
                  
                  All connections are configured with the default behaviours.
            
          -->
          <DefaultConnectionFactory>
            <As>Sitecore.Framework.Publishing.Data.IConnectionFactory, Sitecore.Framework.Publishing.Service.Abstractions</As>
            <Type>Sitecore.Framework.Publishing.Data.DefaultConnectionFactory, Sitecore.Framework.Publishing.Data</Type>
            <Options>
              <Connections>
                <Service>
                  <Type>Sitecore.Framework.Publishing.Data.AdoNet.SqlDatabaseConnection, Sitecore.Framework.Publishing.Data</Type>
                  <LifeTime>Transient</LifeTime>
                  <Options>
                    <ConnectionString>Service</ConnectionString>
                    <DefaultCommandTimeout>120</DefaultCommandTimeout>
                    <Behaviours>
                      <backend>sql-backend-default</backend>
                      <api>sql-api-default</api>
                    </Behaviours>
                  </Options>
                </Service>
                <Master>
                  <Type>Sitecore.Framework.Publishing.Data.AdoNet.SqlDatabaseConnection, Sitecore.Framework.Publishing.Data</Type>
                  <LifeTime>Transient</LifeTime>
                  <Options>
                    <ConnectionString>Master</ConnectionString>
                    <DefaultCommandTimeout>120</DefaultCommandTimeout>
                    <Behaviours>
                      <backend>sql-backend-default</backend>
                      <api>sql-api-default</api>
                    </Behaviours>
                  </Options>
                </Master>
                <MasterResources>
                  <Type>Sitecore.Framework.Publishing.Data.ResourceItems.ResourceConnection, Sitecore.Framework.Publishing.Data.ResourceItems</Type>
                  <LifeTime>Transient</LifeTime>
                  <Options>
                    <Paths>
                      <Sitecore>items/sitecore/master</Sitecore>
                      <Modules>items/modules/master</Modules>
                    </Paths>
                  </Options>
                </MasterResources>
                <Internet>
                  <!-- Should match the name of the publishing target configured in SC. -->
                  <Type>Sitecore.Framework.Publishing.Data.AdoNet.SqlDatabaseConnection, Sitecore.Framework.Publishing.Data</Type>
                  <LifeTime>Transient</LifeTime>
                  <Options>
                    <ConnectionString>Web</ConnectionString>
                    <DefaultCommandTimeout>120</DefaultCommandTimeout>
                    <Behaviours>
                      <backend>sql-backend-default</backend>
                      <api>sql-api-default</api>
                    </Behaviours>
                  </Options>
                </Internet>
                <WebResources>
                  <Type>Sitecore.Framework.Publishing.Data.ResourceItems.ResourceConnection, Sitecore.Framework.Publishing.Data.ResourceItems</Type>
                  <LifeTime>Transient</LifeTime>
                  <Options>
                    <Paths>
                      <Sitecore>items/sitecore/web</Sitecore>
                      <Modules>items/modules/web</Modules>
                    </Paths>
                  </Options>
                </WebResources>
              </Connections>
            </Options>
          </DefaultConnectionFactory>

          <!-- 
            CONNECTION BEHAVIOURS
          
            Connection Behaviours are typically designed to allow the application to be tolerant of transient errors in a cloud hosting scenario 
            (i.e. SQL Azure), and avoiding failures during a SQL Always On auto fail-over event.
            
            When submitting a request to the database with ADO.NET connection, a Connection Behaviour is chosen, according to the connection being
            used and the context in which the request is being made.  The context is what is called a Data Access Context, the two main types are 'api' 
            and 'backend', depending on the type of work being performed in each part of the system.
            
            There are 3 Connection Behaviours provided out of the box:
              - NoRetry            : A 'null' behaviour that does not provide any additional logic.
              - ExponentialBackoff : See the documentation in config\sc.publishing.sqlazure.xml.example
              - FixedBackoff       : See the documentation in config\sc.publishing.sqlazure.xml.example
            
            All take at least the following parameters:
              - Name           : An optional display name that will appear in the logs for diagnostic purposes.
              - CommandTimeout : An optional custom command timeout value in seconds, that will override the default timeout specified for the DatabaseConnection.
            
            The following default configuration specifies no retry behaviour with some reasonable timeout values for the different contexts.
          -->
          <!-- The factory that provides connection behaviours to enable, for example, transient fault handling for SQL Azure. -->
          <DbConnectionBehaviours>
            <As>Sitecore.Framework.Publishing.Data.AdoNet.IDbConnectionBehaviourFactory, Sitecore.Framework.Publishing.Service.Abstractions</As>
            <Type>Sitecore.Framework.Publishing.Data.AdoNet.DefaultDbConnectionBehaviourFactory, Sitecore.Framework.Publishing.Data</Type>
            <Options>
              <Entries>
                <!-- Used for all DatabaseConnections created in backend contexts (typically publishing jobs). -->
                <sql-backend-default>
                  <Type>Sitecore.Framework.Publishing.Data.AdoNet.ConnectionRetryBehaviour, Sitecore.Framework.Publishing.Data</Type>
                  <Options>
                    <Name>Default Backend No Retry behaviour</Name>
                    <CommandTimeout>120</CommandTimeout>
                    <Retryer>NoRetryer</Retryer>
                  </Options>
                </sql-backend-default>

                <!-- Used for all DatabaseConnections created in API contexts. -->
                <sql-api-default>
                  <Type>Sitecore.Framework.Publishing.Data.AdoNet.ConnectionRetryBehaviour, Sitecore.Framework.Publishing.Data</Type>
                  <Options>
                    <Name>Default Api No Retry behaviour</Name>
                    <CommandTimeout>10</CommandTimeout>
                    <Retryer>NoRetryer</Retryer>
                  </Options>
                </sql-api-default>
              </Entries>
            </Options>
          </DbConnectionBehaviours>

          <!-- Retryers -->
          <Retryers>
            <Type>Sitecore.Framework.TransientFaultHandling.RetryerRegistry, Sitecore.Framework.TransientFaultHandling</Type>
            <As>Sitecore.Framework.TransientFaultHandling.IRetryerRegistry, Sitecore.Framework.TransientFaultHandling.Abstractions</As>
            <Options>
              <Retryers>
                <NoRetryer>
                  <Type>Sitecore.Framework.TransientFaultHandling.NoRetryerFactory, Sitecore.Framework.TransientFaultHandling.Abstractions</Type>
                </NoRetryer>
                <DefaultExponentialRetry>
                  <Type>Sitecore.Framework.TransientFaultHandling.Sql.DefaultSqlPolicyRetryerFactory, Sitecore.Framework.TransientFaultHandling.Sql</Type>
                  <Options>
                    <ExponentialRetry>
                      <MaxAttempts>5</MaxAttempts>
                      <MinBackoff>00:00:01</MinBackoff>
                      <MaxBackoff>00:01:00</MaxBackoff>
                      <DeltaBackoff>00:00:02</DeltaBackoff>
                    </ExponentialRetry>
                  </Options>

                </DefaultExponentialRetry>
                <DefaultFixedIntervalRetry>
                  <Type>Sitecore.Framework.TransientFaultHandling.Sql.CustomSqlPolicyRetryerFactory, Sitecore.Framework.TransientFaultHandling.Sql</Type>
                  <Options>
                    <CustomRetryIntervals>
                      <retry1>00:00:01</retry1>
                      <retry2>00:00:05</retry2>
                      <retry3>00:00:10</retry3>
                    </CustomRetryIntervals>
                  </Options>

                </DefaultFixedIntervalRetry>
              </Retryers>
            </Options>
          </Retryers>

          <StoreFeaturesCollectionFactory>
            <As>Sitecore.Framework.Publishing.Data.IStoreFeatureCollectionFactory, Sitecore.Framework.Publishing.Service.Abstractions</As>
            <Type>Sitecore.Framework.Publishing.Data.StoreFeatureCollectionFactory, Sitecore.Framework.Publishing.Data</Type>
          </StoreFeaturesCollectionFactory>

          <StoreFeaturesFactory>
            <As>Sitecore.Framework.Publishing.Data.IStoreFeaturesFactory, Sitecore.Framework.Publishing.Service.Abstractions</As>
            <Type>Sitecore.Framework.Publishing.Data.DefaultStoreFeaturesFactory, Sitecore.Framework.Publishing.Data</Type>
            <LifeTime>Transient</LifeTime>
          </StoreFeaturesFactory>

          <!-- 
            STORE FEATURES
            
            List of features available to the stores. Each store can reference a feature list by its name element. e.g. SourceStoreFeatures.
          -->
          <StoreFeaturesLists>
            <As>Sitecore.Framework.Publishing.Data.IStoreFeaturesLists, Sitecore.Framework.Publishing.Service.Abstractions</As>
            <Type>Sitecore.Framework.Publishing.Data.DefaultStoreFeaturesLists, Sitecore.Framework.Publishing.Data</Type>
            <Options>
              <FeatureLists>
                <!--Source Store Features-->
                <SourceStoreFeatures>
                  <ItemReadRepositoryFeature>
                    <Type>Sitecore.Framework.Publishing.Data.CompositeItemReadRepository, Sitecore.Framework.Publishing.Data</Type>
                  </ItemReadRepositoryFeature>
                  <TestableContentRepositoryFeature>
                    <Type>Sitecore.Framework.Publishing.Data.CompositeTestableContentRepository, Sitecore.Framework.Publishing.Data</Type>
                  </TestableContentRepositoryFeature>
                  <WorkflowStateRepositoryFeature>
                    <Type>Sitecore.Framework.Publishing.Data.CompositeWorkflowStateRepository, Sitecore.Framework.Publishing.Data</Type>
                  </WorkflowStateRepositoryFeature>
                  <EventQueueRepositoryFeature>
                    <Type>Sitecore.Framework.Publishing.Data.CompositeEventQueueRepository, Sitecore.Framework.Publishing.Data</Type>
                    <options>
                      <ConnectionName>master</ConnectionName>
                    </options>
                  </EventQueueRepositoryFeature>
                  <SourceIndexFeature>
                    <Type>Sitecore.Framework.Publishing.ItemIndex.SourceIndexWrapper, Sitecore.Framework.Publishing</Type>
                  </SourceIndexFeature>
                  <DatabaseItemRelationshipRepositoryFeature>
                    <Type>Sitecore.Framework.Publishing.Data.Classic.ClassicItemRelationshipRepository, Sitecore.Framework.Publishing.Data.Classic</Type>
                  </DatabaseItemRelationshipRepositoryFeature>
                </SourceStoreFeatures>

                <!--Service Store Features-->
                <ServiceStoreFeatures>
                  <ManifestRepositoryFeature>
                    <Type>Sitecore.Framework.Publishing.Manifest.ManifestRepository, Sitecore.Framework.Publishing</Type>
                  </ManifestRepositoryFeature>
                  <PublisherOperationRepositoryFeature>
                    <Type>Sitecore.Framework.Publishing.PublisherOperations.PublisherOperationRepository, Sitecore.Framework.Publishing</Type>
                  </PublisherOperationRepositoryFeature>
                  <PublishJobQueueRepositoryFeature>
                    <Type>Sitecore.Framework.Publishing.PublishJobQueue.PublishJobQueueRepository, Sitecore.Framework.Publishing</Type>
                  </PublishJobQueueRepositoryFeature>
                  <TargetSyncStateRepositoryFeature>
                    <Type>Sitecore.Framework.Publishing.TargetSyncState.TargetSyncStateRepository, Sitecore.Framework.Publishing</Type>
                  </TargetSyncStateRepositoryFeature>
                  <ActivationLockRepositoryFeature>
                    <Type>Sitecore.Framework.Publishing.InstanceActivation.ActivationLockRepository, Sitecore.Framework.Publishing</Type>
                  </ActivationLockRepositoryFeature>
                </ServiceStoreFeatures>

                <!--Target Store Features-->
                <TargetStoreFeatures>
                  <IndexableItemRepositoryFeature>
                    <Type>Sitecore.Framework.Publishing.Data.CompositeIndexableItemRepository, Sitecore.Framework.Publishing.Data</Type>
                  </IndexableItemRepositoryFeature>
                  <ItemWriteRepositoryFeature>
                    <Type>Sitecore.Framework.Publishing.Data.ResourceItems.ResourceFallbackItemWriteRepository, Sitecore.Framework.Publishing.Data.ResourceItems</Type>
                  </ItemWriteRepositoryFeature>
                  <MediaRepositoryFeature>
                    <Type>Sitecore.Framework.Publishing.Data.Classic.Repositories.ClassicMediaRepository, Sitecore.Framework.Publishing.Data.Classic</Type>
                  </MediaRepositoryFeature>
                  <TargetIndexFeature>
                    <Type>Sitecore.Framework.Publishing.ItemIndex.TargetIndexWrapper, Sitecore.Framework.Publishing</Type>
                  </TargetIndexFeature>
                  <DatabaseItemRelationshipRepositoryFeature>
                    <Type>Sitecore.Framework.Publishing.Data.Classic.ClassicItemRelationshipRepository, Sitecore.Framework.Publishing.Data.Classic</Type>
                  </DatabaseItemRelationshipRepositoryFeature>
                </TargetStoreFeatures>
              </FeatureLists>
            </Options>
          </StoreFeaturesLists>

          <!--End of Base Services -->

          <!--Command Services -->

          <!-- Manages where the schema information is stored -->
          <SchemaTracker>
            <As>Sitecore.Framework.Publishing.Data.ISchemaTracker, Sitecore.Framework.Publishing.Service.Abstractions</As>
            <Type>Sitecore.Framework.Publishing.Data.SqlSchemaTracker, Sitecore.Framework.Publishing.Data</Type>
          </SchemaTracker>

          <!-- The SchemaInstaller is ran during startup to insert/update schemas for each connection defined in the ConnectionFactory -->
          <!-- Manages installation/updating of schemas during startup -->
          <SchemaInstaller>
            <As>Sitecore.Framework.Publishing.Data.ISchemaInstaller, Sitecore.Framework.Publishing.Service.Abstractions</As>
            <Type>Sitecore.Framework.Publishing.Data.SchemaInstaller, Sitecore.Framework.Publishing.Data</Type>
            <Options>

              <!--
                The DeploymentMap defines which schemas are loaded into which connection
              -->
              <DeploymentMap>
                <Service>
                  <Common>Common</Common>
                  <Service>Service</Service>
                </Service>
                <Source>
                  <Common>Common</Common>
                  <Data-Common>Data-Common</Data-Common>
                  <Data-Source>Data-Source</Data-Source>
                  <Data-Links>Data-Links</Data-Links>
                </Source>
                <Target>
                  <Common>Common</Common>
                  <Data-Common>Data-Common</Data-Common>
                  <Data-Target>Data-Target</Data-Target>
                  <Data-Links>Data-Links</Data-Links>
                </Target>
              </DeploymentMap>

              <!-- 
                The schemas bind names from the DeploymentMap to a Type/Assembly containing sql schemas to be loaded
              -->
              <Schemas>
                <Common>Sitecore.Framework.Publishing.Common.Sql.Schema, Sitecore.Framework.Publishing.Common.Sql.Schema</Common>
                <Data-Common>Sitecore.Framework.Publishing.Data.Common.Sql.Schema, Sitecore.Framework.Publishing.Data.Common.Sql.Schema</Data-Common>
                <Data-Links>Sitecore.Framework.Publishing.Data.Links.Sql.Schema, Sitecore.Framework.Publishing.Data.Links.Sql.Schema</Data-Links>
                <Data-Source>Sitecore.Framework.Publishing.Data.Source.Sql.Schema, Sitecore.Framework.Publishing.Data.Source.Sql.Schema</Data-Source>
                <Data-Target>Sitecore.Framework.Publishing.Data.Target.Sql.Schema, Sitecore.Framework.Publishing.Data.Target.Sql.Schema</Data-Target>
                <Service>Sitecore.Framework.Publishing.Service.Sql.Schema, Sitecore.Framework.Publishing.Service.Sql.Schema</Service>
              </Schemas>
            </Options>
          </SchemaInstaller>

          <!--End of Command Services -->
        </Add>
      </Services>
    </Schema>
  </Commands>
</Settings>