﻿<?xml version="1.0" encoding="utf-8"?>

<Settings>
  <!--
    Provides default configuration for component services required by the Web command of the Publishing Service application    
        
    NOTE:
      When registering a type you can configure the following values:
        Type      (Required): The full type reference of the instance being registered
        As        (Optional): The type the instance may be resolved as (defaults to Type if not provided)
        LifeTime  (Optional): The lifetime of instance.  Can be Singleton or Transient. (defaults to Singleton)
        Options   (Optional): If the type contains a constructor that receives IConfiguration, you can provide
                              additional values here to match the resulting type of options for that type.
  -->
  <Commands>
    <Web>
      <Services>
        <Add>
          <!--Base Services -->

          <!--
            STORES
            
            Provides data stores for the application.
            
            The StoreFactory handles the creation of connections used throughout the service.
            
            Connections can be of the type:
              Service: Only one connection can be defined to handle connections to the service database.
              Sources: Connections to databases containing source information to publish to Targets.
              Targets: Connections to databases containing destination tables for source data.
              Custom: Custom connections used for other purposes.
              
            ConnectionName: Maps directly to connection(s) by its name as defined in DefaultConnectionFactory
            FeaturesListName: Maps directly to a Feature Lists by its name as defined in StoreFeaturesLists
          -->
          <StoreFactory>
            <As>Sitecore.Framework.Publishing.Data.IStoreFactory, Sitecore.Framework.Publishing.Service.Abstractions</As>
            <Type>Sitecore.Framework.Publishing.Data.DefaultStoreFactory, Sitecore.Framework.Publishing.Data</Type>
            <Options>
              <Stores>
                <Service>
                  <Type>Sitecore.Framework.Publishing.Data.ServiceStore, Sitecore.Framework.Publishing.Data</Type>
                  <ConnectionName>Service</ConnectionName>
                  <FeaturesListName>ServiceStoreFeatures</FeaturesListName>
                </Service>
                <Sources>
                  <Master>
                    <Type>Sitecore.Framework.Publishing.Data.SourceStore, Sitecore.Framework.Publishing.Data</Type>
                    <ConnectionNames>
                      <MasterDatabase>Master</MasterDatabase>
                      <MasterResources>MasterResources</MasterResources>
                    </ConnectionNames>
                    <FeaturesListName>SourceStoreFeatures</FeaturesListName>
                    <!-- The name of the Database entity in Sitecore. -->
                    <ScDatabase>master</ScDatabase>
                  </Master>
                </Sources>
                <Targets>
                  <!--Additional targets can be configured here-->
                  <Internet>
                    <Type>Sitecore.Framework.Publishing.Data.TargetStore, Sitecore.Framework.Publishing.Data</Type>
                    <ConnectionNames>
                      <WebDatabase>Internet</WebDatabase>
                      <WebResources>WebResources</WebResources>
                    </ConnectionNames>
                    <FeaturesListName>TargetStoreFeatures</FeaturesListName>
                    <!-- The id of the target item definition in Sitecore. -->
                    <Id>8E080626-DDC3-4EF4-A1D1-F0BE4A200254</Id>
                    <!-- The name of the Database entity in Sitecore. -->
                    <ScDatabase>web</ScDatabase>
                  </Internet>
                </Targets>
                <!--<Custom>
                <MyCustomStore>
                  <Type>Sitecore.Framework.Publishing.Data.CustomStore, Sitecore.Framework.Publishing.Data</Type>
                  <ConnectionName>MyCustomConnectionName</ConnectionName>
                  <FeaturesListName>MyCustomStoreFeatures</FeaturesListName>
                </MyCustomStore>
              </Custom>-->
              </Stores>
            </Options>
          </StoreFactory>

          <!-- 
            CONNECTIONS
            
            The connections available to the stores. Each store can reference one or multiple connections by its name element. e.g. Master.
            
            For Ado.Net connections:
            
            - ConnectionString      : 
            - DefaultCommandTimeout : The default timeout used when executing commands. This value will typically be overriden by the Connection Behaviour timeout 
                                      used in each context, however this value will be used if no behaviour is configured for the context.
            - Behaviours  : 
                Defines which connection behaviours are used for the connection for each Data Access Context. There are 2 main types of data access 
                contexts currently defined:
                  1. Api     : When the data is being processed to serve a request for a information from an out-of-process component.
                  2. Backend : When data is being processed as part of a background operation (i.e. a publishing job).
                  
                See the 'Connection Behaviours' section below for more information on the behaviours.
                
                All connections are configured with the default behaviours.
          -->
          <DefaultConnectionFactory>
            <As>Sitecore.Framework.Publishing.Data.IConnectionFactory, Sitecore.Framework.Publishing.Service.Abstractions</As>
            <Type>Sitecore.Framework.Publishing.Data.DefaultConnectionFactory, Sitecore.Framework.Publishing.Data</Type>
            <Options>
              <Connections>
                <Service>
                  <Type>Sitecore.Framework.Publishing.Data.AdoNet.SqlDatabaseConnection, Sitecore.Framework.Publishing.Data</Type>
                  <LifeTime>Transient</LifeTime>
                  <Options>
                    <ConnectionString>Service</ConnectionString>
                    <DefaultCommandTimeout>120</DefaultCommandTimeout>
                    <Behaviours>
                      <backend>sql-backend-default</backend>
                      <api>sql-api-default</api>
                    </Behaviours>
                  </Options>
                </Service>
                <Master>
                  <Type>Sitecore.Framework.Publishing.Data.AdoNet.SqlDatabaseConnection, Sitecore.Framework.Publishing.Data</Type>
                  <LifeTime>Transient</LifeTime>
                  <Options>
                    <ConnectionString>Master</ConnectionString>
                    <DefaultCommandTimeout>120</DefaultCommandTimeout>
                    <Behaviours>
                      <backend>sql-backend-default</backend>
                      <api>sql-api-default</api>
                    </Behaviours>
                  </Options>
                </Master>
                <MasterResources>
                  <Type>Sitecore.Framework.Publishing.Data.ResourceItems.ResourceConnection, Sitecore.Framework.Publishing.Data.ResourceItems</Type>
                  <LifeTime>Transient</LifeTime>
                  <Options>
                    <Paths>
                      <Sitecore>items/sitecore/master</Sitecore>
                      <Modules>items/modules/master</Modules>
                    </Paths>
                  </Options>
                </MasterResources>
                <Internet>
                  <!-- Should match the name of the publishing target configured in SC. -->
                  <Type>Sitecore.Framework.Publishing.Data.AdoNet.SqlDatabaseConnection, Sitecore.Framework.Publishing.Data</Type>
                  <LifeTime>Transient</LifeTime>
                  <Options>
                    <ConnectionString>Web</ConnectionString>
                    <DefaultCommandTimeout>120</DefaultCommandTimeout>
                    <Behaviours>
                      <backend>sql-backend-default</backend>
                      <api>sql-api-default</api>
                    </Behaviours>
                  </Options>
                </Internet>
                <WebResources>
                  <Type>Sitecore.Framework.Publishing.Data.ResourceItems.ResourceConnection, Sitecore.Framework.Publishing.Data.ResourceItems</Type>
                  <LifeTime>Transient</LifeTime>
                  <Options>
                    <Paths>
                      <Sitecore>items/sitecore/web</Sitecore>
                      <Modules>items/modules/web</Modules>
                    </Paths>
                  </Options>
                </WebResources>
              </Connections>
            </Options>
          </DefaultConnectionFactory>

          <!-- 
            CONNECTION BEHAVIOURS
        
            Connection Behaviours are typically designed to allow the application to be tolerant of transient errors in a cloud hosting scenario 
            (i.e. SQL Azure), and avoiding failures during a SQL Always On auto fail-over event.
            
            When submitting a request to the database with ADO.NET connection, a Connection Behaviour is chosen, according to the connection being
            used and the context in which the request is being made.  The context is what is called a Data Access Context, the two main types are 'api' 
            and 'backend', depending on the type of work being performed in each part of the system.
            
            There are 3 Connection Behaviours provided out of the box:
              - NoRetry            : A 'null' behaviour that does not provide any additional logic.
              - ExponentialBackoff : See the documentation in config\sc.publishing.sqlazure.xml.example
              - FixedBackoff       : See the documentation in config\sc.publishing.sqlazure.xml.example
            
            All take at least the following parameters:
              - Name           : An optional display name that will appear in the logs for diagnostic purposes.
              - CommandTimeout : An optional custom command timeout value in seconds, that will override the default timeout specified for the DatabaseConnection.
            
            The following default configuration specifies no retry behaviour with some reasonable timeout values for the different contexts.
          
          -->
          <!-- The factory that provides connection behaviours to enable, for example, transient fault handling for SQL Azure. -->
          <DbConnectionBehaviours>
            <As>Sitecore.Framework.Publishing.Data.AdoNet.IDbConnectionBehaviourFactory, Sitecore.Framework.Publishing.Service.Abstractions</As>
            <Type>Sitecore.Framework.Publishing.Data.AdoNet.DefaultDbConnectionBehaviourFactory, Sitecore.Framework.Publishing.Data</Type>
            <Options>
              <Entries>
                <!-- Used for all DatabaseConnections created in backend contexts (typically publishing jobs). -->
                <sql-backend-default>
                  <Type>Sitecore.Framework.Publishing.Data.AdoNet.ConnectionRetryBehaviour, Sitecore.Framework.Publishing.Data</Type>
                  <Options>
                    <Name>Default Backend No Retry behaviour</Name>
                    <CommandTimeout>120</CommandTimeout>
                    <Retryer>NoRetryer</Retryer>
                  </Options>
                </sql-backend-default>

                <!-- Used for all DatabaseConnections created in API contexts. -->
                <sql-api-default>
                  <Type>Sitecore.Framework.Publishing.Data.AdoNet.ConnectionRetryBehaviour, Sitecore.Framework.Publishing.Data</Type>
                  <Options>
                    <Name>Default Api No Retry behaviour</Name>
                    <CommandTimeout>10</CommandTimeout>
                    <Retryer>NoRetryer</Retryer>
                  </Options>
                </sql-api-default>
              </Entries>
            </Options>
          </DbConnectionBehaviours>

          <!-- Retryers -->
          <Retryers>
            <Type>Sitecore.Framework.TransientFaultHandling.RetryerRegistry, Sitecore.Framework.TransientFaultHandling</Type>
            <As>Sitecore.Framework.TransientFaultHandling.IRetryerRegistry, Sitecore.Framework.TransientFaultHandling.Abstractions</As>
            <Options>
              <Retryers>
                <NoRetryer>
                  <Type>Sitecore.Framework.TransientFaultHandling.NoRetryerFactory, Sitecore.Framework.TransientFaultHandling.Abstractions</Type>
                </NoRetryer>
                <DefaultExponentialRetry>
                  <Type>Sitecore.Framework.TransientFaultHandling.Sql.DefaultSqlPolicyRetryerFactory, Sitecore.Framework.TransientFaultHandling.Sql</Type>
                  <Options>
                    <ExponentialRetry>
                      <MaxAttempts>5</MaxAttempts>
                      <MinBackoff>00:00:01</MinBackoff>
                      <MaxBackoff>00:01:00</MaxBackoff>
                      <DeltaBackoff>00:00:02</DeltaBackoff>
                    </ExponentialRetry>
                  </Options>

                </DefaultExponentialRetry>
                <DefaultFixedIntervalRetry>
                  <Type>Sitecore.Framework.TransientFaultHandling.Sql.CustomSqlPolicyRetryerFactory, Sitecore.Framework.TransientFaultHandling.Sql</Type>
                  <Options>
                    <CustomRetryIntervals>
                      <retry1>00:00:01</retry1>
                      <retry2>00:00:05</retry2>
                      <retry3>00:00:10</retry3>
                    </CustomRetryIntervals>
                  </Options>

                </DefaultFixedIntervalRetry>
              </Retryers>
            </Options>
          </Retryers>

          <StoreFeaturesCollectionFactory>
            <As>Sitecore.Framework.Publishing.Data.IStoreFeatureCollectionFactory, Sitecore.Framework.Publishing.Service.Abstractions</As>
            <Type>Sitecore.Framework.Publishing.Data.StoreFeatureCollectionFactory, Sitecore.Framework.Publishing.Data</Type>
          </StoreFeaturesCollectionFactory>

          <StoreFeaturesFactory>
            <As>Sitecore.Framework.Publishing.Data.IStoreFeaturesFactory, Sitecore.Framework.Publishing.Service.Abstractions</As>
            <Type>Sitecore.Framework.Publishing.Data.DefaultStoreFeaturesFactory, Sitecore.Framework.Publishing.Data</Type>
            <LifeTime>Transient</LifeTime>
          </StoreFeaturesFactory>

          <!-- 
            STORE FEATURES
            
            List of features available to the stores. Each store can reference a feature list by its name element. e.g. SourceStoreFeatures.
          -->
          <StoreFeaturesLists>
            <As>Sitecore.Framework.Publishing.Data.IStoreFeaturesLists, Sitecore.Framework.Publishing.Service.Abstractions</As>
            <Type>Sitecore.Framework.Publishing.Data.DefaultStoreFeaturesLists, Sitecore.Framework.Publishing.Data</Type>
            <Options>
              <FeatureLists>
                <!--Source Store Features-->
                <SourceStoreFeatures>
                  <ItemReadRepositoryFeature>
                    <Type>Sitecore.Framework.Publishing.Data.CompositeItemReadRepository, Sitecore.Framework.Publishing.Data</Type>
                  </ItemReadRepositoryFeature>
                  <TestableContentRepositoryFeature>
                    <Type>Sitecore.Framework.Publishing.Data.CompositeTestableContentRepository, Sitecore.Framework.Publishing.Data</Type>
                  </TestableContentRepositoryFeature>
                  <WorkflowStateRepositoryFeature>
                    <Type>Sitecore.Framework.Publishing.Data.CompositeWorkflowStateRepository, Sitecore.Framework.Publishing.Data</Type>
                  </WorkflowStateRepositoryFeature>
                  <EventQueueRepositoryFeature>
                    <Type>Sitecore.Framework.Publishing.Data.CompositeEventQueueRepository, Sitecore.Framework.Publishing.Data</Type>
                    <options>
                      <ConnectionName>master</ConnectionName>
                    </options>
                  </EventQueueRepositoryFeature>
                  <SourceIndexFeature>
                    <Type>Sitecore.Framework.Publishing.ItemIndex.SourceIndexWrapper, Sitecore.Framework.Publishing</Type>
                  </SourceIndexFeature>
                  <DatabaseItemRelationshipRepositoryFeature>
                    <Type>Sitecore.Framework.Publishing.Data.Classic.ClassicItemRelationshipRepository, Sitecore.Framework.Publishing.Data.Classic</Type>
                  </DatabaseItemRelationshipRepositoryFeature>
                </SourceStoreFeatures>

                <!--Service Store Features-->
                <ServiceStoreFeatures>
                  <ManifestRepositoryFeature>
                    <Type>Sitecore.Framework.Publishing.Manifest.ManifestRepository, Sitecore.Framework.Publishing</Type>
                  </ManifestRepositoryFeature>
                  <PublisherOperationRepositoryFeature>
                    <Type>Sitecore.Framework.Publishing.PublisherOperations.PublisherOperationRepository, Sitecore.Framework.Publishing</Type>
                  </PublisherOperationRepositoryFeature>
                  <PublishJobQueueRepositoryFeature>
                    <Type>Sitecore.Framework.Publishing.PublishJobQueue.PublishJobQueueRepository, Sitecore.Framework.Publishing</Type>
                  </PublishJobQueueRepositoryFeature>
                  <TargetSyncStateRepositoryFeature>
                    <Type>Sitecore.Framework.Publishing.TargetSyncState.TargetSyncStateRepository, Sitecore.Framework.Publishing</Type>
                  </TargetSyncStateRepositoryFeature>
                  <ActivationLockRepositoryFeature>
                    <Type>Sitecore.Framework.Publishing.InstanceActivation.ActivationLockRepository, Sitecore.Framework.Publishing</Type>
                  </ActivationLockRepositoryFeature>
                </ServiceStoreFeatures>

                <!--Target Store Features-->
                <TargetStoreFeatures>
                  <IndexableItemRepositoryFeature>
                    <Type>Sitecore.Framework.Publishing.Data.CompositeIndexableItemRepository, Sitecore.Framework.Publishing.Data</Type>
                  </IndexableItemRepositoryFeature>
                  <ItemWriteRepositoryFeature>
                    <Type>Sitecore.Framework.Publishing.Data.ResourceItems.ResourceFallbackItemWriteRepository, Sitecore.Framework.Publishing.Data.ResourceItems</Type>
                  </ItemWriteRepositoryFeature>
                  <MediaRepositoryFeature>
                    <Type>Sitecore.Framework.Publishing.Data.Classic.Repositories.ClassicMediaRepository, Sitecore.Framework.Publishing.Data.Classic</Type>
                  </MediaRepositoryFeature>
                  <TargetIndexFeature>
                    <Type>Sitecore.Framework.Publishing.ItemIndex.TargetIndexWrapper, Sitecore.Framework.Publishing</Type>
                  </TargetIndexFeature>
                  <DatabaseItemRelationshipRepositoryFeature>
                    <Type>Sitecore.Framework.Publishing.Data.Classic.ClassicItemRelationshipRepository, Sitecore.Framework.Publishing.Data.Classic</Type>
                  </DatabaseItemRelationshipRepositoryFeature>
                </TargetStoreFeatures>
              </FeatureLists>
            </Options>
          </StoreFeaturesLists>

          <!-- Manages where the schema information is stored -->
          <SchemaTracker>
            <As>Sitecore.Framework.Publishing.Data.ISchemaTracker, Sitecore.Framework.Publishing.Service.Abstractions</As>
            <Type>Sitecore.Framework.Publishing.Data.SqlSchemaTracker, Sitecore.Framework.Publishing.Data</Type>
          </SchemaTracker>

          <!-- The SchemaInstaller is ran during startup to insert/update schemas for each connection defined in the ConnectionFactory -->
          <!-- Manages installation/updating of schemas during startup -->
          <SchemaInstaller>
            <As>Sitecore.Framework.Publishing.Data.ISchemaInstaller, Sitecore.Framework.Publishing.Service.Abstractions</As>
            <Type>Sitecore.Framework.Publishing.Data.SchemaInstaller, Sitecore.Framework.Publishing.Data</Type>
            <Options>

              <!--
                The DeploymentMap defines which schemas are loaded into which connection
              -->
              <DeploymentMap>
                <Service>
                  <Common>Common</Common>
                  <Service>Service</Service>
                </Service>
                <Source>
                  <Common>Common</Common>
                  <Data-Common>Data-Common</Data-Common>
                  <Data-Source>Data-Source</Data-Source>
                  <Data-Links>Data-Links</Data-Links>
                </Source>
                <Target>
                  <Common>Common</Common>
                  <Data-Common>Data-Common</Data-Common>
                  <Data-Target>Data-Target</Data-Target>
                  <Data-Links>Data-Links</Data-Links>
                </Target>
              </DeploymentMap>

              <!-- 
                The schemas bind names from the DeploymentMap to a Type/Assembly containing sql schemas to be loaded
              -->
              <Schemas>
                <Common>Sitecore.Framework.Publishing.Common.Sql.Schema, Sitecore.Framework.Publishing.Common.Sql.Schema</Common>
                <Data-Common>Sitecore.Framework.Publishing.Data.Common.Sql.Schema, Sitecore.Framework.Publishing.Data.Common.Sql.Schema</Data-Common>
                <Data-Links>Sitecore.Framework.Publishing.Data.Links.Sql.Schema, Sitecore.Framework.Publishing.Data.Links.Sql.Schema</Data-Links>
                <Data-Source>Sitecore.Framework.Publishing.Data.Source.Sql.Schema, Sitecore.Framework.Publishing.Data.Source.Sql.Schema</Data-Source>
                <Data-Target>Sitecore.Framework.Publishing.Data.Target.Sql.Schema, Sitecore.Framework.Publishing.Data.Target.Sql.Schema</Data-Target>
                <Service>Sitecore.Framework.Publishing.Service.Sql.Schema, Sitecore.Framework.Publishing.Service.Sql.Schema</Service>
              </Schemas>
            </Options>
          </SchemaInstaller>

          <!--
            REPOSITORY BUILDERS          
            
            Repository Builders map an implementation of a repository to a specific data connection implementation.          
            Multiple builders can be registered for different data connections.        
          -->
          <ClassicEventQueueRepositoryBuilder>
            <Type>Sitecore.Framework.Publishing.Data.Classic.ClassicEventQueueRepositoryBuilder, Sitecore.Framework.Publishing.Data.Classic</Type>
            <As>Sitecore.Framework.Publishing.Repository.IRepositoryBuilder`1[[Sitecore.Framework.Publishing.ClassicEventQueue.IClassicEventQueueRepository, Sitecore.Framework.Publishing.Service.Abstractions]], Sitecore.Framework.Publishing.Service.Abstractions</As>
          </ClassicEventQueueRepositoryBuilder>
          <DatabaseIndexableItemRepositoryBuilder>
            <!--Target Store-->
            <Type>Sitecore.Framework.Publishing.Data.Classic.DatabaseIndexableItemRepositoryBuilder, Sitecore.Framework.Publishing.Data.Classic</Type>
            <As>Sitecore.Framework.Publishing.Repository.IRepositoryBuilder`1[[Sitecore.Framework.Publishing.ItemIndex.IIndexableItemRepository, Sitecore.Framework.Publishing.Service.Abstractions]], Sitecore.Framework.Publishing.Service.Abstractions</As>
          </DatabaseIndexableItemRepositoryBuilder>
          <DatabaseItemRelationshipRepositoryBuilder>
            <!--ItemsRelationship Store-->
            <Type>Sitecore.Framework.Publishing.Data.Classic.DatabaseItemRelationshipRepositoryBuilder, Sitecore.Framework.Publishing.Data.Classic</Type>
            <As>Sitecore.Framework.Publishing.Repository.IRepositoryBuilder`1[[Sitecore.Framework.Publishing.Item.IItemRelationshipRepository, Sitecore.Framework.Publishing.Service.Abstractions]], Sitecore.Framework.Publishing.Service.Abstractions</As>
          </DatabaseItemRelationshipRepositoryBuilder>
          <DatabaseItemReadRepositoryBuilder>
            <!--Source Store-->
            <Type>Sitecore.Framework.Publishing.Data.Classic.DatabaseItemReadRepositoryBuilder, Sitecore.Framework.Publishing.Data.Classic</Type>
            <As>Sitecore.Framework.Publishing.Repository.IRepositoryBuilder`1[[Sitecore.Framework.Publishing.Item.IIndexableItemReadRepository, Sitecore.Framework.Publishing.Service.Abstractions]], Sitecore.Framework.Publishing.Service.Abstractions</As>
          </DatabaseItemReadRepositoryBuilder>
          <DatabaseItemWriteRepositoryBuilder>
            <!--Target Store-->
            <Type>Sitecore.Framework.Publishing.Data.Classic.DatabaseItemWriteRepositoryBuilder, Sitecore.Framework.Publishing.Data.Classic</Type>
            <As>Sitecore.Framework.Publishing.Repository.IRepositoryBuilder`1[[Sitecore.Framework.Publishing.Item.IItemWriteRepository, Sitecore.Framework.Publishing.Service.Abstractions]], Sitecore.Framework.Publishing.Service.Abstractions</As>
          </DatabaseItemWriteRepositoryBuilder>
          <DatabaseManifestRepositoryBuilder>
            <!--Service Store-->
            <Type>Sitecore.Framework.Publishing.Manifest.DatabaseManifestRepositoryBuilder, Sitecore.Framework.Publishing</Type>
            <As>Sitecore.Framework.Publishing.Repository.IRepositoryBuilder`1[[Sitecore.Framework.Publishing.Manifest.IManifestRepository, Sitecore.Framework.Publishing.Service.Abstractions]], Sitecore.Framework.Publishing.Service.Abstractions</As>
          </DatabaseManifestRepositoryBuilder>
          <DatabasePublisherOperationRepositoryBuilder>
            <!--Service Store-->
            <Type>Sitecore.Framework.Publishing.PublisherOperations.DatabasePublisherOperationRepositoryBuilder, Sitecore.Framework.Publishing</Type>
            <As>Sitecore.Framework.Publishing.Repository.IRepositoryBuilder`1[[Sitecore.Framework.Publishing.PublisherOperations.IPublisherOperationRepository, Sitecore.Framework.Publishing.Service.Abstractions]], Sitecore.Framework.Publishing.Service.Abstractions</As>
          </DatabasePublisherOperationRepositoryBuilder>
          <DatabasePublishJobQueueRepositoryBuilder>
            <!-- Service Store-->
            <Type>Sitecore.Framework.Publishing.PublishJobQueue.DatabasePublishJobQueueRepositoryBuilder, Sitecore.Framework.Publishing</Type>
            <As>Sitecore.Framework.Publishing.Repository.IRepositoryBuilder`1[[Sitecore.Framework.Publishing.PublishJobQueue.IPublishJobQueueRepository, Sitecore.Framework.Publishing.Service.Abstractions]], Sitecore.Framework.Publishing.Service.Abstractions</As>
          </DatabasePublishJobQueueRepositoryBuilder>
          <DatabaseTestableContentRepositoryBuilder>
            <!--Source Store-->
            <Type>Sitecore.Framework.Publishing.Data.Classic.DatabaseTestableContentRepositoryBuilder, Sitecore.Framework.Publishing.Data.Classic</Type>
            <As>Sitecore.Framework.Publishing.Repository.IRepositoryBuilder`1[[Sitecore.Framework.Publishing.ContentTesting.ITestableContentRepository, Sitecore.Framework.Publishing.Service.Abstractions]], Sitecore.Framework.Publishing.Service.Abstractions</As>
          </DatabaseTestableContentRepositoryBuilder>
          <DatabaseWorkflowStateRepositoryBuilder>
            <!--Source Store-->
            <Type>Sitecore.Framework.Publishing.Data.Classic.DatabaseWorkflowStateRepositoryBuilder, Sitecore.Framework.Publishing.Data.Classic</Type>
            <As>Sitecore.Framework.Publishing.Repository.IRepositoryBuilder`1[[Sitecore.Framework.Publishing.Workflow.IWorkflowStateRepository, Sitecore.Framework.Publishing.Service.Abstractions]], Sitecore.Framework.Publishing.Service.Abstractions</As>
          </DatabaseWorkflowStateRepositoryBuilder>
          <MediaRepositoryBuilder>
            <!--Source and Target Stores-->
            <Type>Sitecore.Framework.Publishing.Data.Classic.ClassicMediaRepositoryBuilder, Sitecore.Framework.Publishing.Data.Classic</Type>
            <As>Sitecore.Framework.Publishing.Repository.IRepositoryBuilder`1[[Sitecore.Framework.Publishing.Item.IMediaRepository, Sitecore.Framework.Publishing.Service.Abstractions]], Sitecore.Framework.Publishing.Service.Abstractions</As>
          </MediaRepositoryBuilder>
          <ResourceItemsFactory>
            <Type>Sitecore.Framework.Publishing.Data.ResourceItems.ResourceItemFactory, Sitecore.Framework.Publishing.Data.ResourceItems</Type>
            <As>Sitecore.Framework.Publishing.Data.ResourceItems.IResourceItemFactory, Sitecore.Framework.Publishing.Data.ResourceItems</As>
          </ResourceItemsFactory>
          <ResourceItemReadRepositoryBuilder>
            <!--Source Store-->
            <Type>Sitecore.Framework.Publishing.Data.ResourceItems.ResourceItemReadRepositoryBuilder, Sitecore.Framework.Publishing.Data.ResourceItems</Type>
            <As>Sitecore.Framework.Publishing.Repository.IRepositoryBuilder`1[[Sitecore.Framework.Publishing.Item.IIndexableItemReadRepository, Sitecore.Framework.Publishing.Service.Abstractions]], Sitecore.Framework.Publishing.Service.Abstractions</As>
          </ResourceItemReadRepositoryBuilder>
          <IndexableResourceItemRepositoryBuilder>
            <!--Target Store-->
            <Type>Sitecore.Framework.Publishing.Data.ResourceItems.IndexableResourceItemRepositoryBuilder, Sitecore.Framework.Publishing.Data.ResourceItems</Type>
            <As>Sitecore.Framework.Publishing.Repository.IRepositoryBuilder`1[[Sitecore.Framework.Publishing.ItemIndex.IIndexableItemRepository, Sitecore.Framework.Publishing.Service.Abstractions]], Sitecore.Framework.Publishing.Service.Abstractions</As>
          </IndexableResourceItemRepositoryBuilder>
          <ResourceItemWorkflowStateRepositoryBuilder>
            <!--Source Store-->
            <Type>Sitecore.Framework.Publishing.Data.ResourceItems.ResourceItemWorkflowStateRepositoryBuilder, Sitecore.Framework.Publishing.Data.ResourceItems</Type>
            <As>Sitecore.Framework.Publishing.Repository.IRepositoryBuilder`1[[Sitecore.Framework.Publishing.Workflow.IWorkflowStateRepository, Sitecore.Framework.Publishing.Service.Abstractions]], Sitecore.Framework.Publishing.Service.Abstractions</As>
          </ResourceItemWorkflowStateRepositoryBuilder>

          <!--
            PROVIDERS
            
            Providers act upon a given data connection to execute queries in a domain specific implementation.
            E.g. a provider may receive a data connection and use that connection to execute SQL queries against it.          
          -->
          <ClassicEventQueueProvider>
            <Type>Sitecore.Framework.Publishing.Data.Classic.SqlServer.ClassicSqlServerEventQueueProvider, Sitecore.Framework.Publishing.Data.Classic</Type>
            <As>Sitecore.Framework.Publishing.Data.Classic.IClassicEventQueueProvider`1[[Sitecore.Framework.Publishing.Data.AdoNet.IDatabaseConnection, Sitecore.Framework.Publishing.Service.Abstractions]], Sitecore.Framework.Publishing.Data.Classic</As>
          </ClassicEventQueueProvider>
          <ClassicEventTypeMapper>
            <Type>Sitecore.Framework.Publishing.Data.Classic.Repositories.DefaultEventTypeMapper, Sitecore.Framework.Publishing.Data.Classic</Type>
            <As>Sitecore.Framework.Publishing.ClassicEventQueue.IEventTypeMapper, Sitecore.Framework.Publishing.Service.Abstractions</As>
          </ClassicEventTypeMapper>
          <ClassicIndexableItemDataProvider>
            <Type>Sitecore.Framework.Publishing.Data.Classic.SqlServer.ClassicSqlServerIndexableItemDataProvider, Sitecore.Framework.Publishing.Data.Classic</Type>
            <As>Sitecore.Framework.Publishing.Data.Classic.IClassicIndexableItemDataProvider`1[[Sitecore.Framework.Publishing.Data.AdoNet.IDatabaseConnection, Sitecore.Framework.Publishing.Service.Abstractions]], Sitecore.Framework.Publishing.Data.Classic</As>
          </ClassicIndexableItemDataProvider>
          <ClassicItemDataProvider>
            <Type>Sitecore.Framework.Publishing.Data.Classic.SqlServer.ClassicSqlServerDataProvider, Sitecore.Framework.Publishing.Data.Classic</Type>
            <As>Sitecore.Framework.Publishing.Data.Classic.IClassicItemDataProvider`1[[Sitecore.Framework.Publishing.Data.AdoNet.IDatabaseConnection, Sitecore.Framework.Publishing.Service.Abstractions]], Sitecore.Framework.Publishing.Data.Classic</As>
          </ClassicItemDataProvider>
          <ClassicMediaProvider>
            <Type>Sitecore.Framework.Publishing.Data.Classic.SqlServer.ClassicSqlServerMediaProvider, Sitecore.Framework.Publishing.Data.Classic</Type>
            <As>Sitecore.Framework.Publishing.Data.Classic.IClassicMediaProvider`1[[Sitecore.Framework.Publishing.Data.AdoNet.IDatabaseConnection, Sitecore.Framework.Publishing.Service.Abstractions]], Sitecore.Framework.Publishing.Data.Classic</As>
          </ClassicMediaProvider>
          <ManifestProvider>
            <Type>Sitecore.Framework.Publishing.Service.Sql.Manifest.ManifestProvider, Sitecore.Framework.Publishing.Service.Sql</Type>
            <As>Sitecore.Framework.Publishing.Manifest.IManifestProvider`1[[Sitecore.Framework.Publishing.Data.AdoNet.IDatabaseConnection, Sitecore.Framework.Publishing.Service.Abstractions]], Sitecore.Framework.Publishing.Service.Abstractions</As>
          </ManifestProvider>
          <PublisherOperationProvider>
            <Type>Sitecore.Framework.Publishing.Service.Sql.PublisherOperations.PublisherOperationProvider, Sitecore.Framework.Publishing.Service.Sql</Type>
            <As>Sitecore.Framework.Publishing.PublisherOperations.IPublisherOperationProvider`1[[Sitecore.Framework.Publishing.Data.AdoNet.IDatabaseConnection, Sitecore.Framework.Publishing.Service.Abstractions]], Sitecore.Framework.Publishing.Service.Abstractions</As>
          </PublisherOperationProvider>
          <PublishJobQueueProvider>
            <Type>Sitecore.Framework.Publishing.Service.Sql.PublishJobQueue.PublishJobQueueProvider, Sitecore.Framework.Publishing.Service.Sql</Type>
            <As>Sitecore.Framework.Publishing.PublishJobQueue.IPublishJobQueueProvider`1[[Sitecore.Framework.Publishing.Data.AdoNet.IDatabaseConnection, Sitecore.Framework.Publishing.Service.Abstractions]], Sitecore.Framework.Publishing.Service.Abstractions</As>
          </PublishJobQueueProvider>
          <TargetSyncStateProvider>
            <Type>Sitecore.Framework.Publishing.Service.Sql.TargetSyncState.TargetSyncStateProvider, Sitecore.Framework.Publishing.Service.Sql</Type>
            <As>Sitecore.Framework.Publishing.TargetSyncState.ITargetSyncStateProvider`1[[Sitecore.Framework.Publishing.Data.AdoNet.IDatabaseConnection, Sitecore.Framework.Publishing.Service.Abstractions]], Sitecore.Framework.Publishing.Service.Abstractions</As>
          </TargetSyncStateProvider>
          <TestableContentProvider>
            <Type>Sitecore.Framework.Publishing.Data.Classic.SqlServer.ClassicTestableContentProvider, Sitecore.Framework.Publishing.Data.Classic</Type>
            <As>Sitecore.Framework.Publishing.Data.ITestableContentProvider`1[[Sitecore.Framework.Publishing.Data.AdoNet.IDatabaseConnection, Sitecore.Framework.Publishing.Service.Abstractions]], Sitecore.Framework.Publishing.Data.Classic</As>
          </TestableContentProvider>
          <WorkflowStateProvider>
            <Type>Sitecore.Framework.Publishing.Data.Classic.SqlServer.WorkflowStateProvider, Sitecore.Framework.Publishing.Data.Classic</Type>
            <As>Sitecore.Framework.Publishing.Data.IWorkflowStateProvider`1[[Sitecore.Framework.Publishing.Data.AdoNet.IDatabaseConnection, Sitecore.Framework.Publishing.Service.Abstractions]], Sitecore.Framework.Publishing.Data.Classic</As>
          </WorkflowStateProvider>
          <ActivationLockProvider>
            <Type>Sitecore.Framework.Publishing.Service.Sql.InstanceActivation.ActivationLockProvider, Sitecore.Framework.Publishing.Service.Sql</Type>
            <As>Sitecore.Framework.Publishing.InstanceActivation.IActivationLockProvider`1[[Sitecore.Framework.Publishing.Data.AdoNet.IDatabaseConnection, Sitecore.Framework.Publishing.Service.Abstractions]], Sitecore.Framework.Publishing.Service.Abstractions</As>
          </ActivationLockProvider>

          <!-- LOCATORS -->

          <!-- Maps URI schemes to DataLocators -->
          <LocatorFactory>
            <As>Sitecore.Framework.Publishing.Locators.ILocatorFactory, Sitecore.Framework.Publishing.Abstractions</As>
            <Type>Sitecore.Framework.Publishing.Locators.LocatorFactory, Sitecore.Framework.Publishing.Abstractions</Type>
          </LocatorFactory>
          <ItemVariantLocatorResolver>
            <As>Sitecore.Framework.Publishing.Locators.ILocatorResolver, Sitecore.Framework.Publishing.Abstractions</As>
            <Type>Sitecore.Framework.Publishing.Locators.ItemVariantLocatorResolver, Sitecore.Framework.Publishing.Abstractions</Type>
          </ItemVariantLocatorResolver>
          <ItemLocatorResolver>
            <As>Sitecore.Framework.Publishing.Locators.ILocatorResolver, Sitecore.Framework.Publishing.Abstractions</As>
            <Type>Sitecore.Framework.Publishing.Locators.ItemLocatorResolver, Sitecore.Framework.Publishing.Abstractions</Type>
          </ItemLocatorResolver>
          <MediaLocatorResolver>
            <As>Sitecore.Framework.Publishing.Locators.ILocatorResolver, Sitecore.Framework.Publishing.Abstractions</As>
            <Type>Sitecore.Framework.Publishing.Locators.MediaLocatorResolver, Sitecore.Framework.Publishing.Abstractions</Type>
          </MediaLocatorResolver>

          <!-- Handles comparing ItemVariantIdentiers -->
          <IItemVariantIdentifierComparer>
            <Type>Sitecore.Framework.Publishing.Item.IItemVariantIdentifierComparer, Sitecore.Framework.Publishing.Abstractions</Type>
            <As>System.Collections.Generic.IEqualityComparer`1[[Sitecore.Framework.Publishing.Item.IItemVariantIdentifier,Sitecore.Framework.Publishing.Abstractions]], mscorlib</As>
          </IItemVariantIdentifierComparer>

          <!-- PUBLISH CONTEXT -->

          <PublishContextAccessor>
            <Type>Sitecore.Framework.Publishing.PublishContextAccessor, Sitecore.Framework.Publishing</Type>
            <As>Sitecore.Framework.Publishing.IPublishContextAccessor, Sitecore.Framework.Publishing.Service.Abstractions</As>
          </PublishContextAccessor>
          <PublishContextFactory>
            <Type>Sitecore.Framework.Publishing.PublishContextFactory, Sitecore.Framework.Publishing</Type>
            <As>Sitecore.Framework.Publishing.IPublishContextFactory, Sitecore.Framework.Publishing.Service.Abstractions</As>
          </PublishContextFactory>

          <!-- Creates the source index object-->

          <SourceIndexStrategyFactory>
            <Type>Sitecore.Framework.Publishing.ItemIndex.SourceIndexStrategyFactory, Sitecore.Framework.Publishing</Type>
            <As>Sitecore.Framework.Publishing.ItemIndex.ISourceIndexStrategyFactory, Sitecore.Framework.Publishing.Service.Abstractions</As>
          </SourceIndexStrategyFactory>
          <TargetIndexStrategyFactory>
            <Type>Sitecore.Framework.Publishing.ItemIndex.TargetIndexStrategyFactory, Sitecore.Framework.Publishing</Type>
            <As>Sitecore.Framework.Publishing.ItemIndex.ITargetIndexStrategyFactory, Sitecore.Framework.Publishing.Service.Abstractions</As>
          </TargetIndexStrategyFactory>
          <DefaultTargetPublishStrategyBehaviour>
            <Type>Sitecore.Framework.Publishing.ItemIndex.DefaultTargetIndexPublishStrategyBehaviour, Sitecore.Framework.Publishing</Type>
            <As>Sitecore.Framework.Publishing.ItemIndex.ITargetIndexStrategyBehaviour, Sitecore.Framework.Publishing.Service.Abstractions</As>
            <Options>
              <CallsCountThreshold>4000</CallsCountThreshold>
              <!--Time in ms-->
              <TotalTimeThreshold>8000</TotalTimeThreshold>
            </Options>
          </DefaultTargetPublishStrategyBehaviour>
          <TargetRepublishStrategyBehaviour>
            <Type>Sitecore.Framework.Publishing.ItemIndex.TargetIndexRepublishStrategyBehaviour, Sitecore.Framework.Publishing</Type>
            <As>Sitecore.Framework.Publishing.ItemIndex.ITargetIndexStrategyBehaviour, Sitecore.Framework.Publishing.Service.Abstractions</As>
          </TargetRepublishStrategyBehaviour>
          <DefaultSourcePublishStrategyBehaviour>
            <Type>Sitecore.Framework.Publishing.ItemIndex.DefaultSourceIndexPublishStrategyBehaviour, Sitecore.Framework.Publishing</Type>
            <As>Sitecore.Framework.Publishing.ItemIndex.ISourceIndexStrategyBehaviour, Sitecore.Framework.Publishing.Service.Abstractions</As>
            <Options>
              <CallsCountThreshold>10</CallsCountThreshold>
              <!--Time in ms-->
              <TotalTimeThreshold>100</TotalTimeThreshold>
            </Options>
          </DefaultSourcePublishStrategyBehaviour>
          <SourceRepublishStrategyBehaviour>
            <Type>Sitecore.Framework.Publishing.ItemIndex.SourceIndexRepublishStrategyBehaviour, Sitecore.Framework.Publishing</Type>
            <As>Sitecore.Framework.Publishing.ItemIndex.ISourceIndexStrategyBehaviour, Sitecore.Framework.Publishing.Service.Abstractions</As>
          </SourceRepublishStrategyBehaviour>

          <!-- Holds information about the publishing service such as the Instance Name-->

          <ServiceInformation>
            <Type>Sitecore.Framework.Publishing.ServiceInformation, Sitecore.Framework.Publishing</Type>
            <As>Sitecore.Framework.Publishing.IServiceInformation, Sitecore.Framework.Publishing.Abstractions</As>
          </ServiceInformation>

          <!-- PUBLISH JOBS -->

          <!-- Open type to resolve instances of repositories -->

          <RepositoryFactory>
            <As>Sitecore.Framework.Publishing.Repository.IRepositoryFactory`1, Sitecore.Framework.Publishing.Service.Abstractions</As>
            <Type>Sitecore.Framework.Publishing.Data.Repository.DefaultRepositoryFactory`1, Sitecore.Framework.Publishing.Data</Type>
          </RepositoryFactory>

          <!--End of Base Services -->

          <!--Command Services -->

          <!-- REPOSITORIES-->
          <MaintenanceTaskRepository>
            <Type>Sitecore.Framework.Publishing.Maintenance.MaintenanceTaskRepository, Sitecore.Framework.Publishing</Type>
            <As>Sitecore.Framework.Publishing.Maintenance.IMaintenanceTaskRepository, Sitecore.Framework.Publishing.Service.Abstractions</As>
          </MaintenanceTaskRepository>
          <!--
            HANDLERS
            
            Handlers parse the publish job options to determine how to handle the publish process.
            Multiple handlers can be registered to cater for different publish scenarios
          -->
          <!--
            Legacy Incremental Publish Handler
            To revert back to the legacy implementation. Replace the TreeChangesPublishHandler
            with the IncrementalPublishHandler registration
          -->

          <!--
            <IncrementalPublishHandler>
              <Type>Sitecore.Framework.Publishing.PublishJobQueue.Handlers.IncrementalPublishHandler, Sitecore.Framework.Publishing</Type>
              <As>Sitecore.Framework.Publishing.PublishJobQueue.IPublishJobHandler, Sitecore.Framework.Publishing.Service.Abstractions</As>
            </IncrementalPublishHandler>
          -->

          <TreeChangesPublishHandler>
            <Type>Sitecore.Framework.Publishing.PublishJobQueue.Handlers.TreeChangesPublishHandler, Sitecore.Framework.Publishing</Type>
            <As>Sitecore.Framework.Publishing.PublishJobQueue.IPublishJobHandler, Sitecore.Framework.Publishing.Service.Abstractions</As>
          </TreeChangesPublishHandler>
          <TreePublishHandler>
            <Type>Sitecore.Framework.Publishing.PublishJobQueue.Handlers.TreePublishHandler, Sitecore.Framework.Publishing</Type>
            <As>Sitecore.Framework.Publishing.PublishJobQueue.IPublishJobHandler, Sitecore.Framework.Publishing.Service.Abstractions</As>
          </TreePublishHandler>
          <!--
          PROMOTERS
          
          Promoters handle the transition of data from a source to a target.
          Specialized promoters are provided to isolate logic for specific promotion requirements.
        -->
          <ItemCloneManifestPromoter>
            <Type>Sitecore.Framework.Publishing.DataPromotion.DefaultItemCloneManifestPromoter, Sitecore.Framework.Publishing</Type>
            <As>Sitecore.Framework.Publishing.DataPromotion.IItemCloneManifestPromoter, Sitecore.Framework.Publishing.Service.Abstractions</As>
          </ItemCloneManifestPromoter>
          <ItemDescendantsPromoter>
            <Type>Sitecore.Framework.Publishing.DataPromotion.DefaultItemDescendantsPromoter, Sitecore.Framework.Publishing</Type>
            <As>Sitecore.Framework.Publishing.DataPromotion.IItemDescendantsPromoter, Sitecore.Framework.Publishing.Service.Abstractions</As>
          </ItemDescendantsPromoter>
          <ItemManifestPromoter>
            <Type>Sitecore.Framework.Publishing.DataPromotion.DefaultItemManifestPromoter, Sitecore.Framework.Publishing</Type>
            <As>Sitecore.Framework.Publishing.DataPromotion.IItemManifestPromoter, Sitecore.Framework.Publishing.Service.Abstractions</As>
          </ItemManifestPromoter>
          <MediaManifestPromoter>
            <Type>Sitecore.Framework.Publishing.DataPromotion.DefaultMediaManifestPromoter`1[[Sitecore.Framework.Publishing.Data.AdoNet.IDatabaseConnection, Sitecore.Framework.Publishing.Service.Abstractions]], Sitecore.Framework.Publishing</Type>
            <As>Sitecore.Framework.Publishing.DataPromotion.IMediaManifestPromoter, Sitecore.Framework.Publishing.Service.Abstractions</As>
            <Options>
              <BatchSize>150</BatchSize>
            </Options>

          </MediaManifestPromoter>
          <!--
            SERVICES
          
            Services provide logic to Controllers which are the entry point for requests to the application
          -->
          <ManifestService>
            <Type>Sitecore.Framework.Publishing.Manifest.ManifestService, Sitecore.Framework.Publishing</Type>
            <As>Sitecore.Framework.Publishing.Manifest.IManifestService, Sitecore.Framework.Publishing.Abstractions</As>
          </ManifestService>
          <PublisherOperationService>
            <Type>Sitecore.Framework.Publishing.PublisherOperations.PublisherOperationService, Sitecore.Framework.Publishing</Type>
            <As>Sitecore.Framework.Publishing.PublisherOperations.IPublisherOperationService, Sitecore.Framework.Publishing.Abstractions</As>
          </PublisherOperationService>
          <PublishJobQueueService>
            <Type>Sitecore.Framework.Publishing.PublishJobQueue.PublishJobQueueService, Sitecore.Framework.Publishing</Type>
            <As>Sitecore.Framework.Publishing.PublishJobQueue.IPublishJobQueueService, Sitecore.Framework.Publishing.Abstractions</As>
          </PublishJobQueueService>
          <MaintenanceService>
            <Type>Sitecore.Framework.Publishing.Maintenance.MaintenanceService, Sitecore.Framework.Publishing</Type>
            <As>Sitecore.Framework.Publishing.Maintenance.IMaintenanceService, Sitecore.Framework.Publishing.Abstractions</As>
          </MaintenanceService>
          <!-- Entry point for promotion logic -->
          <PromotionCoordinator>
            <Type>Sitecore.Framework.Publishing.DataPromotion.DefaultPromotionCoordinator, Sitecore.Framework.Publishing</Type>
            <As>Sitecore.Framework.Publishing.DataPromotion.IPromotionCoordinator, Sitecore.Framework.Publishing.Service.Abstractions</As>
          </PromotionCoordinator>

          <!-- ADO.NET DB CONNECTIONS -->

          <!-- PUBLISH JOBS -->

          <!-- Writes events to the Sitecore Event Queue -->
          <PublishJobEventQueueWriter>
            <As>Sitecore.Framework.Publishing.Configuration.IStartable, Sitecore.Framework.Publishing.Configuration</As>
            <Type>Sitecore.Framework.Publishing.EventQueue.PublishJobEventQueueWriter, Sitecore.Framework.Publishing</Type>
          </PublishJobEventQueueWriter>

          <!-- Subscribes to the publish job queue events to trigger publish jobs -->
          <PublishJobSubscriber>
            <As>Sitecore.Framework.Publishing.Configuration.IStartable, Sitecore.Framework.Publishing.Configuration</As>
            <Type>Sitecore.Framework.Publishing.PublishJobQueue.ManifestSubscriber, Sitecore.Framework.Publishing</Type>
          </PublishJobSubscriber>

          <!-- Subscribes to the publish job events to reload resource files -->
          <ResourceFilesLoaderStartable>
            <As>Sitecore.Framework.Publishing.Configuration.IStartable, Sitecore.Framework.Publishing.Configuration</As>
            <Type>Sitecore.Framework.Publishing.Data.ResourceItems.ResourceFilesLoaderStartable, Sitecore.Framework.Publishing.Data.ResourceItems</Type>
          </ResourceFilesLoaderStartable>

          <!-- Fetches required fields for publishing -->
          <RequiredPublishFieldsResolver>
            <As>Sitecore.Framework.Publishing.IRequiredPublishFieldsResolver, Sitecore.Framework.Publishing.Service.Abstractions</As>
            <Type>Sitecore.Framework.Publishing.RequiredPublishFieldsResolver, Sitecore.Framework.Publishing</Type>
          </RequiredPublishFieldsResolver>


          <!-- Fetches required fields for reporting to publish end pipeline -->
          <ReportPublishFieldsResolver>
            <As>Sitecore.Framework.Publishing.IReportPublishFieldsResolver, Sitecore.Framework.Publishing.Service.Abstractions</As>
            <Type>Sitecore.Framework.Publishing.ReportPublishFieldsResolver, Sitecore.Framework.Publishing</Type>
            <Options>
              <FieldTypes>
                <Rules>Rules</Rules>
              </FieldTypes>
            </Options>
          </ReportPublishFieldsResolver>

          <!-- Manages scheduled tasks for the service -->

          <!--
            Defines the tasks and triggers that are registered with the tasks scheduler.
            When a trigger is fired the tasks is requested to run.  The scheduler will run the tasks when it is ready
          -->
          <Scheduler>
            <Type>Sitecore.Framework.Scheduling.DefaultTaskScheduler, Sitecore.Framework.Scheduling</Type>
            <As>Sitecore.Framework.Scheduling.ITaskScheduler, Sitecore.Framework.Scheduling.Abstractions</As>
            <Options>
              <Tasks>
                <!--
                  The PublishTask processes the next queued item in the publish queue
                -->
                <Publish>
                  <TaskDefinition Type="Sitecore.Framework.Publishing.Tasks.PublishTask, Sitecore.Framework.Publishing" BindOptions="property" />
                  <TriggerDefinitions>
                    <!--
                      The interval trigger is used to query for queued tasks in the event one is queued while a publish is already running.
                      The trigger fires immediately on starting.
                    -->
                    <Interval Type="Sitecore.Framework.Scheduling.Triggers.IntervalTriggerDefinition, Sitecore.Framework.Scheduling" BindOptions="property">
                      <Options Interval="00:00:10" />
                    </Interval>
                    <!--
                      The persisted trigger is bound to the PublishJobPersistedEvent, being fired when a new job is persisted.
                      This enables jobs to be raised immediately if no other job is being processed.
                    -->
                    <Persisted Type="Sitecore.Framework.Publishing.Tasks.PublishJobPersistedEventTriggerDefinition, Sitecore.Framework.Publishing" BindOptions="property" />
                  </TriggerDefinitions>
                </Publish>
                <!--
                  The PublishJobCleanUpTask removes any publishing jobs that are over a certain age.
                  It also removes the jobs associated manifests and manifest results.
                -->
                <PublishJobCleanUp>
                  <TaskDefinition Type="Sitecore.Framework.Publishing.Tasks.PublishJobCleanupTask, Sitecore.Framework.Publishing" BindOptions="property">
                    <Options>
                      <!--
                        Maximum age of the job to check. Any publishing jobs older than this will be removed by this task.
                        Job Age is parsed as a Timestamp. (dd.hh:mm:ss)
                      -->
                      <JobAge>7.00:00:00</JobAge>
                      <!-- The batch size that the publishing jobs are loaded into the task.  -->
                      <BatchSize>50</BatchSize>
                    </Options>
                  </TaskDefinition>
                  <TriggerDefinitions>
                    <!--
                      The interval trigger determines how often the task is executed.
                      The interval is parsed as a TimeStamp. (dd.hh:mm:ss)
                    -->
                    <Interval Type="Sitecore.Framework.Scheduling.Triggers.IntervalTriggerDefinition, Sitecore.Framework.Scheduling" BindOptions="property">
                      <Options Interval="12:00:00" />
                    </Interval>
                  </TriggerDefinitions>
                </PublishJobCleanUp>

                <!--
                  The PublishOperationCleanUpTask removes any publishing operations that have been processed and are no longer required.
                -->
                <PublishOperationCleanUp>
                  <TaskDefinition Type="Sitecore.Framework.Publishing.Tasks.PublishOperationCleanupTask, Sitecore.Framework.Publishing" BindOptions="property" />
                  <TriggerDefinitions>
                    <!--
                      The interval trigger determines how often the task is executed.
                      The interval is parsed as a TimeStamp. (dd.hh:mm:ss)
                    -->
                    <Interval Type="Sitecore.Framework.Scheduling.Triggers.IntervalTriggerDefinition, Sitecore.Framework.Scheduling" BindOptions="property">
                      <Options Interval="1.00:00:00" />
                    </Interval>
                  </TriggerDefinitions>
                </PublishOperationCleanUp>

                <!--
                  The PublishOperationAgeBasedCleanupTask removes any publishing operations that are over a certain age.
                -->
                <PublishOperationAgeBasedCleanUp>
                  <TaskDefinition Type="Sitecore.Framework.Publishing.Tasks.PublishOperationAgeBasedCleanupTask, Sitecore.Framework.Publishing" BindOptions="property">
                    <Options>
                      <!-- 
                          Any publishing operations that older than this will be removed by this task.
                          Age is parsed as a Timestamp. (dd.hh:mm:ss)
                      -->
                      <PublisherOperationAge>30.00:00:00</PublisherOperationAge>
                    </Options>
                  </TaskDefinition>
                  <TriggerDefinitions>
                    <!--
                      The interval trigger determines how often the task is executed.
                      The interval is parsed as a TimeStamp. (dd.hh:mm:ss)
                    -->
                    <Interval Type="Sitecore.Framework.Scheduling.Triggers.IntervalTriggerDefinition, Sitecore.Framework.Scheduling" BindOptions="property">
                      <Options Interval="1.00:00:00" />
                    </Interval>
                  </TriggerDefinitions>
                </PublishOperationAgeBasedCleanUp>
              </Tasks>
            </Options>
          </Scheduler>

          <!--
            The ClassicEventTypeMapper allows the service to map event types between the Type defined
            in the service and the Type expected by Sitecore when interactive with the event queue.
          -->
          <ClassicEventTypeMapper>
            <Options>
              <Map>
                <PublishingJobBeginEvent>
                  <From>Sitecore.Framework.Publishing.Eventing.Remote.PublishingJobBeginEvent, Sitecore.Framework.Publishing.Abstractions</From>
                  <To>Sitecore.Publishing.Service.Events.PublishingJobBeginEvent, Sitecore.Publishing.Service</To>
                </PublishingJobBeginEvent>
                <PublishingJobEndEvent>
                  <From>Sitecore.Framework.Publishing.Eventing.Remote.PublishingJobEndEvent, Sitecore.Framework.Publishing.Abstractions</From>
                  <To>Sitecore.Publishing.Service.Events.PublishingJobEndEvent, Sitecore.Publishing.Service</To>
                </PublishingJobEndEvent>
              </Map>
            </Options>
          </ClassicEventTypeMapper>

          <!-- 
            INSTANCE ACTIVATION
            
            To support high-availability scenarios, where multiple instances of the Service can be running, connecting to the same database,
            each service instance has the concept of being active or inactive.  Only one instance can be active at the same time.  When an instance
            is inactive, then the Task Scheduler is disabled so no jobs can run, and must be re-enabled when the instance becomes active.
            
            By default, high availability mode is not enabled, so the service instance will always be active.
          -->

          <!-- Manages the instance activation process, and exposes 'activation' events to the system. -->
          <InstanceActivationMonitor>
            <Type>Sitecore.Framework.Publishing.InstanceActivation.InstanceActivationMonitor, Sitecore.Framework.Publishing</Type>
            <As>Sitecore.Framework.Publishing.InstanceActivation.IInstanceActivationMonitor, Sitecore.Framework.Publishing.Service.Abstractions</As>
          </InstanceActivationMonitor>

          <!-- 
            The implementation of how an instance trys to become the active instance, and maintains that 'activation lock' once it has acquired it. 
            This is the non-high-availability strategy, that ensures the service instance is always active.
          -->
          <InstanceActivationStrategy>
            <Type>Sitecore.Framework.Publishing.InstanceActivation.MultiInstanceActivationStrategy, Sitecore.Framework.Publishing</Type>
            <As>Sitecore.Framework.Publishing.InstanceActivation.IInstanceActivationStrategy, Sitecore.Framework.Publishing.Service.Abstractions</As>
          </InstanceActivationStrategy>

          <!-- Controls the Task Scheduler when the instance becomes active & inactive. -->
          <TaskSchedulerActivator>
            <Type>Sitecore.Framework.Publishing.InstanceActivation.TaskSchedulerActivator, Sitecore.Framework.Publishing</Type>
            <As>Sitecore.Framework.Publishing.InstanceActivation.ITaskSchedulerActivator, Sitecore.Framework.Publishing.Service.Abstractions</As>
          </TaskSchedulerActivator>

          <!--End of Command Services -->

          <!-- RESOURCE FILES -->

          <ResourceFilesService>
            <Type>Sitecore.Framework.Publishing.Data.ResourceItems.IO.ResourceFilesService, Sitecore.Framework.Publishing.Data.ResourceItems</Type>
            <As>Sitecore.Framework.Publishing.Abstractions.ResourceItems.IO.IResourceFilesService, Sitecore.Framework.Publishing.Abstractions</As>
          </ResourceFilesService>
          <ResourcePackageLoader>
            <Type>Sitecore.Framework.Publishing.Data.ResourceItems.IO.PackageLoader, Sitecore.Framework.Publishing.Data.ResourceItems</Type>
            <As>Sitecore.Framework.Publishing.Data.ResourceItems.IO.IPackageLoader, Sitecore.Framework.Publishing.Data.ResourceItems</As>
          </ResourcePackageLoader>
          <ResourcePackageInstaller>
            <Type>Sitecore.Framework.Publishing.Data.ResourceItems.IO.ResourceFilesInstaller, Sitecore.Framework.Publishing.Data.ResourceItems</Type>
            <As>Sitecore.Framework.Publishing.Data.ResourceItems.IO.IResourceFilesInstaller, Sitecore.Framework.Publishing.Data.ResourceItems</As>
          </ResourcePackageInstaller>
          <ResourceFilesLoader>
            <Type>Sitecore.Framework.Publishing.Data.ResourceItems.ResourceFilesLoader, Sitecore.Framework.Publishing.Data.ResourceItems</Type>
            <As>Sitecore.Framework.Publishing.Data.ResourceItems.IResourceFilesLoader, Sitecore.Framework.Publishing.Data.ResourceItems</As>
            <Options>
              <MaxFileUploadInterval>00:03:00</MaxFileUploadInterval>
              <SyncStatePollingInterval>00:00:10</SyncStatePollingInterval>
            </Options>
          </ResourceFilesLoader>
          <ResourceMetadaProvider>
            <Type>Sitecore.Framework.Publishing.Data.ResourceItems.IO.MetadataProvider, Sitecore.Framework.Publishing.Data.ResourceItems</Type>
            <As>Sitecore.Framework.Publishing.Data.ResourceItems.IO.IMetadataProvider, Sitecore.Framework.Publishing.Data.ResourceItems</As>
          </ResourceMetadaProvider>
          <ResourceFilesHashProvider>
            <Type>Sitecore.Framework.Publishing.Data.ResourceItems.IO.ResourceFilesHashProvider, Sitecore.Framework.Publishing.Data.ResourceItems</Type>
            <As>Sitecore.Framework.Publishing.Abstractions.ResourceItems.IO.IResourceFilesHashProvider, Sitecore.Framework.Publishing.Abstractions</As>
          </ResourceFilesHashProvider>

        </Add>
      </Services>
    </Web>
  </Commands>
</Settings>