﻿<?xml version="1.0" encoding="utf-8"?>

<Settings>
  <!--
    Provides default configuration for component services required by the Configuration command of the Publishing Service application    
        
    NOTE:
      When registering a type you can configure the following values:
        Type      (Required): The full type reference of the instance being registered
        As        (Optional): The type the instance may be resolved as (defaults to Type if not provided)
        LifeTime  (Optional): The lifetime of instance.  Can be Singleton or Transient. (defaults to Singleton)
        Options   (Optional): If the type contains a constructor that receives IConfiguration, you can provide
                              additional values here to match the resulting type of options for that type.
  -->
  <Commands>
    <Configuration>
      <Services>
        <Add>
          <!--Command Services -->
          <ConfigurationEntryWriter>
            <Type>Sitecore.Framework.Plugin.Publishing.Configuration.XmlConfigurationEntryWriter, Sitecore.Framework.Plugin.Publishing</Type>
            <As>Sitecore.Framework.Plugin.Publishing.Configuration.IConfigurationEntryWriter, Sitecore.Framework.Plugin.Publishing</As>
          </ConfigurationEntryWriter>
          <!--End of Command Services -->
        </Add>
      </Services>
    </Configuration>
  </Commands>
</Settings>