﻿<?xml version="1.0" encoding="utf-8"?>

<Settings>


  <Publishing>
    <!-- 
      INSTANCE NAME
      
      The Service instance can optionally be given a name.
      
      The name will be used to identify the Service Instance in API calls and in log messages.  The name is currently used to record which 
      instance is active in the ActivationLock table, and will appear in log messages regarding the instance activation state.
      
      The config provided below, will yield the value from an environment variable, or via a runtime parameter.
      
      Alternatively, the name can be provided explicitly, in a patching config file..
      <InstanceName>Publishing Service 1</InstanceName>
      
      If none is provided, a random Guid will be used as the name.  (This implementation can be overriden via the 'ServiceInformation' service if required).
    -->
    <InstanceName></InstanceName>

    <!--
      CONNECTION STRINGS
      
      The list of connections that may be used through the service.        
      
      Connection string must support Multiple Active Result Sets (MARS) by adding MultipleActiveResultSets=True to the connection string.
      Also, to mitigate for transient connection errors, the ConnectRetryCount and ConnectRetryInterval should be configured
      
      e.g. To define another connection for Master add the following under the <ConnectionStrings> element
      <Master>user id=sa;password=password;data source=.\SQLEXPRESS;database=sitecore.Master;MultipleActiveResultSets=True;ConnectRetryCount=15;ConnectRetryInterval=1</Master>
      
      ### IMPORTANT ###
      The connections for the following databases must be provided by the user when installing
        - Master
        - Web
        - Core        
    -->
    <ConnectionStrings>
      <!-- The Service connection is registered to map to the same connection string as the master database by default. -->
      <Service>${Publishing:ConnectionStrings:Master}</Service>
      <Core></Core>
      <Master></Master>
      <Web></Web>
    </ConnectionStrings>
  </Publishing>


  <!--
    See the configuration files in applicationPath/sitecore/Sitecore.Framework.Plugin.Publishing/config for more configuration information
  -->
</Settings>